year,state,county,county_code,annual_county_population,annual_all_deaths,annual_hospital_deaths,month,monthly_hospital_deaths,monthly_covid_hospital_deaths
2018,OK,Adair,40001,22082,257,156,Jan,16,0
2018,OK,Adair,40001,22082,257,156,Feb,20,0
2018,OK,Adair,40001,22082,257,156,Mar,15,0
2018,OK,Adair,40001,22082,257,156,Apr,14,0
2018,OK,Adair,40001,22082,257,156,May,Suppressed,0
2018,OK,Adair,40001,22082,257,156,Jun,11,0
2018,OK,Adair,40001,22082,257,156,Jul,10,0
2018,OK,Adair,40001,22082,257,156,Aug,17,0
2018,OK,Adair,40001,22082,257,156,Sep,Suppressed,0
2018,OK,Adair,40001,22082,257,156,Oct,11,0
2018,OK,Adair,40001,22082,257,156,Nov,Suppressed,0
2018,OK,Adair,40001,22082,257,156,Dec,17,0
2018,OK,Alfalfa,40003,5754,68,39,Jan,Suppressed,0
2018,OK,Alfalfa,40003,5754,68,39,Feb,Suppressed,0
2018,OK,Alfalfa,40003,5754,68,39,Mar,Suppressed,0
2018,OK,Alfalfa,40003,5754,68,39,Apr,Suppressed,0
2018,OK,Alfalfa,40003,5754,68,39,May,Suppressed,0
2018,OK,Alfalfa,40003,5754,68,39,Jun,Suppressed,0
2018,OK,Alfalfa,40003,5754,68,39,Jul,Suppressed,0
2018,OK,Alfalfa,40003,5754,68,39,Aug,Suppressed,0
2018,OK,Alfalfa,40003,5754,68,39,Sep,Suppressed,0
2018,OK,Alfalfa,40003,5754,68,39,Oct,Suppressed,0
2018,OK,Alfalfa,40003,5754,68,39,Nov,Suppressed,0
2018,OK,Alfalfa,40003,5754,68,39,Dec,Suppressed,0
2018,OK,Atoka,40005,13838,169,88,Jan,18,0
2018,OK,Atoka,40005,13838,169,88,Feb,Suppressed,0
2018,OK,Atoka,40005,13838,169,88,Mar,Suppressed,0
2018,OK,Atoka,40005,13838,169,88,Apr,Suppressed,0
2018,OK,Atoka,40005,13838,169,88,May,Suppressed,0
2018,OK,Atoka,40005,13838,169,88,Jun,Suppressed,0
2018,OK,Atoka,40005,13838,169,88,Jul,Suppressed,0
2018,OK,Atoka,40005,13838,169,88,Aug,10,0
2018,OK,Atoka,40005,13838,169,88,Sep,Suppressed,0
2018,OK,Atoka,40005,13838,169,88,Oct,Suppressed,0
2018,OK,Atoka,40005,13838,169,88,Nov,Suppressed,0
2018,OK,Atoka,40005,13838,169,88,Dec,Suppressed,0
2018,OK,Beaver,40007,5319,54,38,Jan,Suppressed,0
2018,OK,Beaver,40007,5319,54,38,Feb,Suppressed,0
2018,OK,Beaver,40007,5319,54,38,Mar,Suppressed,0
2018,OK,Beaver,40007,5319,54,38,Apr,Suppressed,0
2018,OK,Beaver,40007,5319,54,38,May,Suppressed,0
2018,OK,Beaver,40007,5319,54,38,Jun,Suppressed,0
2018,OK,Beaver,40007,5319,54,38,Jul,Suppressed,0
2018,OK,Beaver,40007,5319,54,38,Aug,Suppressed,0
2018,OK,Beaver,40007,5319,54,38,Sep,Suppressed,0
2018,OK,Beaver,40007,5319,54,38,Oct,Suppressed,0
2018,OK,Beaver,40007,5319,54,38,Nov,Suppressed,0
2018,OK,Beaver,40007,5319,54,38,Dec,Suppressed,0
2018,OK,Beckham,40009,21709,237,145,Jan,14,0
2018,OK,Beckham,40009,21709,237,145,Feb,12,0
2018,OK,Beckham,40009,21709,237,145,Mar,11,0
2018,OK,Beckham,40009,21709,237,145,Apr,16,0
2018,OK,Beckham,40009,21709,237,145,May,16,0
2018,OK,Beckham,40009,21709,237,145,Jun,Suppressed,0
2018,OK,Beckham,40009,21709,237,145,Jul,12,0
2018,OK,Beckham,40009,21709,237,145,Aug,Suppressed,0
2018,OK,Beckham,40009,21709,237,145,Sep,17,0
2018,OK,Beckham,40009,21709,237,145,Oct,Suppressed,0
2018,OK,Beckham,40009,21709,237,145,Nov,Suppressed,0
2018,OK,Beckham,40009,21709,237,145,Dec,12,0
2018,OK,Blaine,40011,9485,126,79,Jan,Suppressed,0
2018,OK,Blaine,40011,9485,126,79,Feb,Suppressed,0
2018,OK,Blaine,40011,9485,126,79,Mar,12,0
2018,OK,Blaine,40011,9485,126,79,Apr,Suppressed,0
2018,OK,Blaine,40011,9485,126,79,May,Suppressed,0
2018,OK,Blaine,40011,9485,126,79,Jun,10,0
2018,OK,Blaine,40011,9485,126,79,Jul,Suppressed,0
2018,OK,Blaine,40011,9485,126,79,Aug,Suppressed,0
2018,OK,Blaine,40011,9485,126,79,Sep,Suppressed,0
2018,OK,Blaine,40011,9485,126,79,Oct,Suppressed,0
2018,OK,Blaine,40011,9485,126,79,Nov,Suppressed,0
2018,OK,Blaine,40011,9485,126,79,Dec,Suppressed,0
2018,OK,Bryan,40013,47192,502,322,Jan,39,0
2018,OK,Bryan,40013,47192,502,322,Feb,37,0
2018,OK,Bryan,40013,47192,502,322,Mar,26,0
2018,OK,Bryan,40013,47192,502,322,Apr,27,0
2018,OK,Bryan,40013,47192,502,322,May,28,0
2018,OK,Bryan,40013,47192,502,322,Jun,20,0
2018,OK,Bryan,40013,47192,502,322,Jul,22,0
2018,OK,Bryan,40013,47192,502,322,Aug,22,0
2018,OK,Bryan,40013,47192,502,322,Sep,24,0
2018,OK,Bryan,40013,47192,502,322,Oct,29,0
2018,OK,Bryan,40013,47192,502,322,Nov,23,0
2018,OK,Bryan,40013,47192,502,322,Dec,25,0
2018,OK,Caddo,40015,28977,403,258,Jan,30,0
2018,OK,Caddo,40015,28977,403,258,Feb,21,0
2018,OK,Caddo,40015,28977,403,258,Mar,14,0
2018,OK,Caddo,40015,28977,403,258,Apr,22,0
2018,OK,Caddo,40015,28977,403,258,May,20,0
2018,OK,Caddo,40015,28977,403,258,Jun,27,0
2018,OK,Caddo,40015,28977,403,258,Jul,18,0
2018,OK,Caddo,40015,28977,403,258,Aug,20,0
2018,OK,Caddo,40015,28977,403,258,Sep,24,0
2018,OK,Caddo,40015,28977,403,258,Oct,24,0
2018,OK,Caddo,40015,28977,403,258,Nov,21,0
2018,OK,Caddo,40015,28977,403,258,Dec,17,0
2018,OK,Canadian,40017,144447,1119,707,Jan,68,0
2018,OK,Canadian,40017,144447,1119,707,Feb,52,0
2018,OK,Canadian,40017,144447,1119,707,Mar,62,0
2018,OK,Canadian,40017,144447,1119,707,Apr,60,0
2018,OK,Canadian,40017,144447,1119,707,May,66,0
2018,OK,Canadian,40017,144447,1119,707,Jun,53,0
2018,OK,Canadian,40017,144447,1119,707,Jul,45,0
2018,OK,Canadian,40017,144447,1119,707,Aug,54,0
2018,OK,Canadian,40017,144447,1119,707,Sep,50,0
2018,OK,Canadian,40017,144447,1119,707,Oct,65,0
2018,OK,Canadian,40017,144447,1119,707,Nov,61,0
2018,OK,Canadian,40017,144447,1119,707,Dec,71,0
2018,OK,Carter,40019,48177,586,349,Jan,38,0
2018,OK,Carter,40019,48177,586,349,Feb,32,0
2018,OK,Carter,40019,48177,586,349,Mar,24,0
2018,OK,Carter,40019,48177,586,349,Apr,31,0
2018,OK,Carter,40019,48177,586,349,May,28,0
2018,OK,Carter,40019,48177,586,349,Jun,27,0
2018,OK,Carter,40019,48177,586,349,Jul,29,0
2018,OK,Carter,40019,48177,586,349,Aug,26,0
2018,OK,Carter,40019,48177,586,349,Sep,30,0
2018,OK,Carter,40019,48177,586,349,Oct,23,0
2018,OK,Carter,40019,48177,586,349,Nov,30,0
2018,OK,Carter,40019,48177,586,349,Dec,31,0
2018,OK,Cherokee,40021,48675,532,313,Jan,25,0
2018,OK,Cherokee,40021,48675,532,313,Feb,33,0
2018,OK,Cherokee,40021,48675,532,313,Mar,33,0
2018,OK,Cherokee,40021,48675,532,313,Apr,24,0
2018,OK,Cherokee,40021,48675,532,313,May,27,0
2018,OK,Cherokee,40021,48675,532,313,Jun,22,0
2018,OK,Cherokee,40021,48675,532,313,Jul,26,0
2018,OK,Cherokee,40021,48675,532,313,Aug,27,0
2018,OK,Cherokee,40021,48675,532,313,Sep,20,0
2018,OK,Cherokee,40021,48675,532,313,Oct,28,0
2018,OK,Cherokee,40021,48675,532,313,Nov,23,0
2018,OK,Cherokee,40021,48675,532,313,Dec,25,0
2018,OK,Choctaw,40023,14668,204,126,Jan,13,0
2018,OK,Choctaw,40023,14668,204,126,Feb,13,0
2018,OK,Choctaw,40023,14668,204,126,Mar,10,0
2018,OK,Choctaw,40023,14668,204,126,Apr,Suppressed,0
2018,OK,Choctaw,40023,14668,204,126,May,11,0
2018,OK,Choctaw,40023,14668,204,126,Jun,11,0
2018,OK,Choctaw,40023,14668,204,126,Jul,10,0
2018,OK,Choctaw,40023,14668,204,126,Aug,12,0
2018,OK,Choctaw,40023,14668,204,126,Sep,11,0
2018,OK,Choctaw,40023,14668,204,126,Oct,Suppressed,0
2018,OK,Choctaw,40023,14668,204,126,Nov,10,0
2018,OK,Choctaw,40023,14668,204,126,Dec,14,0
2018,OK,Cimarron,40025,2153,18,13,Jan,Suppressed,0
2018,OK,Cimarron,40025,2153,18,13,Feb,Suppressed,0
2018,OK,Cimarron,40025,2153,18,13,Mar,Suppressed,0
2018,OK,Cimarron,40025,2153,18,13,Apr,Suppressed,0
2018,OK,Cimarron,40025,2153,18,13,May,Suppressed,0
2018,OK,Cimarron,40025,2153,18,13,Jun,Suppressed,0
2018,OK,Cimarron,40025,2153,18,13,Jul,Suppressed,0
2018,OK,Cimarron,40025,2153,18,13,Aug,0,0
2018,OK,Cimarron,40025,2153,18,13,Sep,0,0
2018,OK,Cimarron,40025,2153,18,13,Oct,0,0
2018,OK,Cimarron,40025,2153,18,13,Nov,Suppressed,0
2018,OK,Cimarron,40025,2153,18,13,Dec,0,0
2018,OK,Cleveland,40027,281669,2073,1231,Jan,146,0
2018,OK,Cleveland,40027,281669,2073,1231,Feb,102,0
2018,OK,Cleveland,40027,281669,2073,1231,Mar,94,0
2018,OK,Cleveland,40027,281669,2073,1231,Apr,94,0
2018,OK,Cleveland,40027,281669,2073,1231,May,69,0
2018,OK,Cleveland,40027,281669,2073,1231,Jun,79,0
2018,OK,Cleveland,40027,281669,2073,1231,Jul,101,0
2018,OK,Cleveland,40027,281669,2073,1231,Aug,113,0
2018,OK,Cleveland,40027,281669,2073,1231,Sep,84,0
2018,OK,Cleveland,40027,281669,2073,1231,Oct,112,0
2018,OK,Cleveland,40027,281669,2073,1231,Nov,112,0
2018,OK,Cleveland,40027,281669,2073,1231,Dec,125,0
2018,OK,Coal,40029,5520,74,46,Jan,Suppressed,0
2018,OK,Coal,40029,5520,74,46,Feb,Suppressed,0
2018,OK,Coal,40029,5520,74,46,Mar,Suppressed,0
2018,OK,Coal,40029,5520,74,46,Apr,Suppressed,0
2018,OK,Coal,40029,5520,74,46,May,Suppressed,0
2018,OK,Coal,40029,5520,74,46,Jun,Suppressed,0
2018,OK,Coal,40029,5520,74,46,Jul,Suppressed,0
2018,OK,Coal,40029,5520,74,46,Aug,Suppressed,0
2018,OK,Coal,40029,5520,74,46,Sep,Suppressed,0
2018,OK,Coal,40029,5520,74,46,Oct,Suppressed,0
2018,OK,Coal,40029,5520,74,46,Nov,Suppressed,0
2018,OK,Coal,40029,5520,74,46,Dec,Suppressed,0
2018,OK,Comanche,40031,120422,1080,660,Jan,69,0
2018,OK,Comanche,40031,120422,1080,660,Feb,65,0
2018,OK,Comanche,40031,120422,1080,660,Mar,54,0
2018,OK,Comanche,40031,120422,1080,660,Apr,51,0
2018,OK,Comanche,40031,120422,1080,660,May,56,0
2018,OK,Comanche,40031,120422,1080,660,Jun,54,0
2018,OK,Comanche,40031,120422,1080,660,Jul,44,0
2018,OK,Comanche,40031,120422,1080,660,Aug,52,0
2018,OK,Comanche,40031,120422,1080,660,Sep,54,0
2018,OK,Comanche,40031,120422,1080,660,Oct,44,0
2018,OK,Comanche,40031,120422,1080,660,Nov,62,0
2018,OK,Comanche,40031,120422,1080,660,Dec,55,0
2018,OK,Cotton,40033,5776,74,44,Jan,Suppressed,0
2018,OK,Cotton,40033,5776,74,44,Feb,Suppressed,0
2018,OK,Cotton,40033,5776,74,44,Mar,Suppressed,0
2018,OK,Cotton,40033,5776,74,44,Apr,Suppressed,0
2018,OK,Cotton,40033,5776,74,44,May,Suppressed,0
2018,OK,Cotton,40033,5776,74,44,Jun,Suppressed,0
2018,OK,Cotton,40033,5776,74,44,Jul,Suppressed,0
2018,OK,Cotton,40033,5776,74,44,Aug,Suppressed,0
2018,OK,Cotton,40033,5776,74,44,Sep,0,0
2018,OK,Cotton,40033,5776,74,44,Oct,Suppressed,0
2018,OK,Cotton,40033,5776,74,44,Nov,Suppressed,0
2018,OK,Cotton,40033,5776,74,44,Dec,Suppressed,0
2018,OK,Craig,40035,14306,186,110,Jan,11,0
2018,OK,Craig,40035,14306,186,110,Feb,10,0
2018,OK,Craig,40035,14306,186,110,Mar,12,0
2018,OK,Craig,40035,14306,186,110,Apr,Suppressed,0
2018,OK,Craig,40035,14306,186,110,May,Suppressed,0
2018,OK,Craig,40035,14306,186,110,Jun,Suppressed,0
2018,OK,Craig,40035,14306,186,110,Jul,Suppressed,0
2018,OK,Craig,40035,14306,186,110,Aug,Suppressed,0
2018,OK,Craig,40035,14306,186,110,Sep,10,0
2018,OK,Craig,40035,14306,186,110,Oct,12,0
2018,OK,Craig,40035,14306,186,110,Nov,Suppressed,0
2018,OK,Craig,40035,14306,186,110,Dec,16,0
2018,OK,Creek,40037,71604,844,484,Jan,41,0
2018,OK,Creek,40037,71604,844,484,Feb,44,0
2018,OK,Creek,40037,71604,844,484,Mar,53,0
2018,OK,Creek,40037,71604,844,484,Apr,45,0
2018,OK,Creek,40037,71604,844,484,May,33,0
2018,OK,Creek,40037,71604,844,484,Jun,31,0
2018,OK,Creek,40037,71604,844,484,Jul,43,0
2018,OK,Creek,40037,71604,844,484,Aug,36,0
2018,OK,Creek,40037,71604,844,484,Sep,31,0
2018,OK,Creek,40037,71604,844,484,Oct,37,0
2018,OK,Creek,40037,71604,844,484,Nov,47,0
2018,OK,Creek,40037,71604,844,484,Dec,43,0
2018,OK,Custer,40039,29036,312,224,Jan,27,0
2018,OK,Custer,40039,29036,312,224,Feb,22,0
2018,OK,Custer,40039,29036,312,224,Mar,14,0
2018,OK,Custer,40039,29036,312,224,Apr,Suppressed,0
2018,OK,Custer,40039,29036,312,224,May,19,0
2018,OK,Custer,40039,29036,312,224,Jun,20,0
2018,OK,Custer,40039,29036,312,224,Jul,17,0
2018,OK,Custer,40039,29036,312,224,Aug,20,0
2018,OK,Custer,40039,29036,312,224,Sep,14,0
2018,OK,Custer,40039,29036,312,224,Oct,16,0
2018,OK,Custer,40039,29036,312,224,Nov,22,0
2018,OK,Custer,40039,29036,312,224,Dec,24,0
2018,OK,Delaware,40041,42733,606,355,Jan,32,0
2018,OK,Delaware,40041,42733,606,355,Feb,35,0
2018,OK,Delaware,40041,42733,606,355,Mar,27,0
2018,OK,Delaware,40041,42733,606,355,Apr,26,0
2018,OK,Delaware,40041,42733,606,355,May,29,0
2018,OK,Delaware,40041,42733,606,355,Jun,29,0
2018,OK,Delaware,40041,42733,606,355,Jul,29,0
2018,OK,Delaware,40041,42733,606,355,Aug,21,0
2018,OK,Delaware,40041,42733,606,355,Sep,29,0
2018,OK,Delaware,40041,42733,606,355,Oct,35,0
2018,OK,Delaware,40041,42733,606,355,Nov,31,0
2018,OK,Delaware,40041,42733,606,355,Dec,32,0
2018,OK,Dewey,40043,4894,62,36,Jan,Suppressed,0
2018,OK,Dewey,40043,4894,62,36,Feb,Suppressed,0
2018,OK,Dewey,40043,4894,62,36,Mar,Suppressed,0
2018,OK,Dewey,40043,4894,62,36,Apr,Suppressed,0
2018,OK,Dewey,40043,4894,62,36,May,Suppressed,0
2018,OK,Dewey,40043,4894,62,36,Jun,Suppressed,0
2018,OK,Dewey,40043,4894,62,36,Jul,Suppressed,0
2018,OK,Dewey,40043,4894,62,36,Aug,Suppressed,0
2018,OK,Dewey,40043,4894,62,36,Sep,Suppressed,0
2018,OK,Dewey,40043,4894,62,36,Oct,Suppressed,0
2018,OK,Dewey,40043,4894,62,36,Nov,Suppressed,0
2018,OK,Dewey,40043,4894,62,36,Dec,Suppressed,0
2018,OK,Ellis,40045,3952,61,40,Jan,Suppressed,0
2018,OK,Ellis,40045,3952,61,40,Feb,Suppressed,0
2018,OK,Ellis,40045,3952,61,40,Mar,Suppressed,0
2018,OK,Ellis,40045,3952,61,40,Apr,Suppressed,0
2018,OK,Ellis,40045,3952,61,40,May,Suppressed,0
2018,OK,Ellis,40045,3952,61,40,Jun,Suppressed,0
2018,OK,Ellis,40045,3952,61,40,Jul,0,0
2018,OK,Ellis,40045,3952,61,40,Aug,Suppressed,0
2018,OK,Ellis,40045,3952,61,40,Sep,Suppressed,0
2018,OK,Ellis,40045,3952,61,40,Oct,Suppressed,0
2018,OK,Ellis,40045,3952,61,40,Nov,Suppressed,0
2018,OK,Ellis,40045,3952,61,40,Dec,Suppressed,0
2018,OK,Garfield,40047,60913,660,445,Jan,40,0
2018,OK,Garfield,40047,60913,660,445,Feb,43,0
2018,OK,Garfield,40047,60913,660,445,Mar,36,0
2018,OK,Garfield,40047,60913,660,445,Apr,37,0
2018,OK,Garfield,40047,60913,660,445,May,37,0
2018,OK,Garfield,40047,60913,660,445,Jun,40,0
2018,OK,Garfield,40047,60913,660,445,Jul,36,0
2018,OK,Garfield,40047,60913,660,445,Aug,39,0
2018,OK,Garfield,40047,60913,660,445,Sep,30,0
2018,OK,Garfield,40047,60913,660,445,Oct,36,0
2018,OK,Garfield,40047,60913,660,445,Nov,46,0
2018,OK,Garfield,40047,60913,660,445,Dec,25,0
2018,OK,Garvin,40049,27811,398,236,Jan,28,0
2018,OK,Garvin,40049,27811,398,236,Feb,19,0
2018,OK,Garvin,40049,27811,398,236,Mar,19,0
2018,OK,Garvin,40049,27811,398,236,Apr,26,0
2018,OK,Garvin,40049,27811,398,236,May,14,0
2018,OK,Garvin,40049,27811,398,236,Jun,15,0
2018,OK,Garvin,40049,27811,398,236,Jul,23,0
2018,OK,Garvin,40049,27811,398,236,Aug,17,0
2018,OK,Garvin,40049,27811,398,236,Sep,18,0
2018,OK,Garvin,40049,27811,398,236,Oct,21,0
2018,OK,Garvin,40049,27811,398,236,Nov,17,0
2018,OK,Garvin,40049,27811,398,236,Dec,19,0
2018,OK,Grady,40051,55551,576,353,Jan,46,0
2018,OK,Grady,40051,55551,576,353,Feb,29,0
2018,OK,Grady,40051,55551,576,353,Mar,30,0
2018,OK,Grady,40051,55551,576,353,Apr,31,0
2018,OK,Grady,40051,55551,576,353,May,33,0
2018,OK,Grady,40051,55551,576,353,Jun,31,0
2018,OK,Grady,40051,55551,576,353,Jul,24,0
2018,OK,Grady,40051,55551,576,353,Aug,27,0
2018,OK,Grady,40051,55551,576,353,Sep,34,0
2018,OK,Grady,40051,55551,576,353,Oct,20,0
2018,OK,Grady,40051,55551,576,353,Nov,27,0
2018,OK,Grady,40051,55551,576,353,Dec,21,0
2018,OK,Grant,40053,4326,60,44,Jan,Suppressed,0
2018,OK,Grant,40053,4326,60,44,Feb,Suppressed,0
2018,OK,Grant,40053,4326,60,44,Mar,Suppressed,0
2018,OK,Grant,40053,4326,60,44,Apr,Suppressed,0
2018,OK,Grant,40053,4326,60,44,May,Suppressed,0
2018,OK,Grant,40053,4326,60,44,Jun,0,0
2018,OK,Grant,40053,4326,60,44,Jul,Suppressed,0
2018,OK,Grant,40053,4326,60,44,Aug,Suppressed,0
2018,OK,Grant,40053,4326,60,44,Sep,Suppressed,0
2018,OK,Grant,40053,4326,60,44,Oct,0,0
2018,OK,Grant,40053,4326,60,44,Nov,Suppressed,0
2018,OK,Grant,40053,4326,60,44,Dec,Suppressed,0
2018,OK,Greer,40055,5821,63,38,Jan,Suppressed,0
2018,OK,Greer,40055,5821,63,38,Feb,Suppressed,0
2018,OK,Greer,40055,5821,63,38,Mar,Suppressed,0
2018,OK,Greer,40055,5821,63,38,Apr,Suppressed,0
2018,OK,Greer,40055,5821,63,38,May,Suppressed,0
2018,OK,Greer,40055,5821,63,38,Jun,Suppressed,0
2018,OK,Greer,40055,5821,63,38,Jul,Suppressed,0
2018,OK,Greer,40055,5821,63,38,Aug,Suppressed,0
2018,OK,Greer,40055,5821,63,38,Sep,Suppressed,0
2018,OK,Greer,40055,5821,63,38,Oct,0,0
2018,OK,Greer,40055,5821,63,38,Nov,Suppressed,0
2018,OK,Greer,40055,5821,63,38,Dec,Suppressed,0
2018,OK,Harmon,40057,2664,43,30,Jan,Suppressed,0
2018,OK,Harmon,40057,2664,43,30,Feb,Suppressed,0
2018,OK,Harmon,40057,2664,43,30,Mar,0,0
2018,OK,Harmon,40057,2664,43,30,Apr,Suppressed,0
2018,OK,Harmon,40057,2664,43,30,May,Suppressed,0
2018,OK,Harmon,40057,2664,43,30,Jun,Suppressed,0
2018,OK,Harmon,40057,2664,43,30,Jul,Suppressed,0
2018,OK,Harmon,40057,2664,43,30,Aug,0,0
2018,OK,Harmon,40057,2664,43,30,Sep,0,0
2018,OK,Harmon,40057,2664,43,30,Oct,Suppressed,0
2018,OK,Harmon,40057,2664,43,30,Nov,Suppressed,0
2018,OK,Harmon,40057,2664,43,30,Dec,Suppressed,0
2018,OK,Harper,40059,3797,47,27,Jan,Suppressed,0
2018,OK,Harper,40059,3797,47,27,Feb,Suppressed,0
2018,OK,Harper,40059,3797,47,27,Mar,Suppressed,0
2018,OK,Harper,40059,3797,47,27,Apr,Suppressed,0
2018,OK,Harper,40059,3797,47,27,May,Suppressed,0
2018,OK,Harper,40059,3797,47,27,Jun,Suppressed,0
2018,OK,Harper,40059,3797,47,27,Jul,Suppressed,0
2018,OK,Harper,40059,3797,47,27,Aug,Suppressed,0
2018,OK,Harper,40059,3797,47,27,Sep,0,0
2018,OK,Harper,40059,3797,47,27,Oct,Suppressed,0
2018,OK,Harper,40059,3797,47,27,Nov,Suppressed,0
2018,OK,Harper,40059,3797,47,27,Dec,Suppressed,0
2018,OK,Haskell,40061,12668,155,89,Jan,Suppressed,0
2018,OK,Haskell,40061,12668,155,89,Feb,12,0
2018,OK,Haskell,40061,12668,155,89,Mar,10,0
2018,OK,Haskell,40061,12668,155,89,Apr,Suppressed,0
2018,OK,Haskell,40061,12668,155,89,May,Suppressed,0
2018,OK,Haskell,40061,12668,155,89,Jun,Suppressed,0
2018,OK,Haskell,40061,12668,155,89,Jul,Suppressed,0
2018,OK,Haskell,40061,12668,155,89,Aug,Suppressed,0
2018,OK,Haskell,40061,12668,155,89,Sep,Suppressed,0
2018,OK,Haskell,40061,12668,155,89,Oct,Suppressed,0
2018,OK,Haskell,40061,12668,155,89,Nov,Suppressed,0
2018,OK,Haskell,40061,12668,155,89,Dec,Suppressed,0
2018,OK,Hughes,40063,13335,179,112,Jan,13,0
2018,OK,Hughes,40063,13335,179,112,Feb,Suppressed,0
2018,OK,Hughes,40063,13335,179,112,Mar,Suppressed,0
2018,OK,Hughes,40063,13335,179,112,Apr,12,0
2018,OK,Hughes,40063,13335,179,112,May,Suppressed,0
2018,OK,Hughes,40063,13335,179,112,Jun,10,0
2018,OK,Hughes,40063,13335,179,112,Jul,11,0
2018,OK,Hughes,40063,13335,179,112,Aug,11,0
2018,OK,Hughes,40063,13335,179,112,Sep,Suppressed,0
2018,OK,Hughes,40063,13335,179,112,Oct,13,0
2018,OK,Hughes,40063,13335,179,112,Nov,Suppressed,0
2018,OK,Hughes,40063,13335,179,112,Dec,10,0
2018,OK,Jackson,40065,24949,266,176,Jan,17,0
2018,OK,Jackson,40065,24949,266,176,Feb,19,0
2018,OK,Jackson,40065,24949,266,176,Mar,19,0
2018,OK,Jackson,40065,24949,266,176,Apr,Suppressed,0
2018,OK,Jackson,40065,24949,266,176,May,19,0
2018,OK,Jackson,40065,24949,266,176,Jun,12,0
2018,OK,Jackson,40065,24949,266,176,Jul,12,0
2018,OK,Jackson,40065,24949,266,176,Aug,Suppressed,0
2018,OK,Jackson,40065,24949,266,176,Sep,16,0
2018,OK,Jackson,40065,24949,266,176,Oct,16,0
2018,OK,Jackson,40065,24949,266,176,Nov,12,0
2018,OK,Jackson,40065,24949,266,176,Dec,16,0
2018,OK,Jefferson,40067,6123,95,57,Jan,Suppressed,0
2018,OK,Jefferson,40067,6123,95,57,Feb,Suppressed,0
2018,OK,Jefferson,40067,6123,95,57,Mar,Suppressed,0
2018,OK,Jefferson,40067,6123,95,57,Apr,Suppressed,0
2018,OK,Jefferson,40067,6123,95,57,May,Suppressed,0
2018,OK,Jefferson,40067,6123,95,57,Jun,Suppressed,0
2018,OK,Jefferson,40067,6123,95,57,Jul,Suppressed,0
2018,OK,Jefferson,40067,6123,95,57,Aug,Suppressed,0
2018,OK,Jefferson,40067,6123,95,57,Sep,Suppressed,0
2018,OK,Jefferson,40067,6123,95,57,Oct,Suppressed,0
2018,OK,Jefferson,40067,6123,95,57,Nov,Suppressed,0
2018,OK,Jefferson,40067,6123,95,57,Dec,Suppressed,0
2018,OK,Johnston,40069,10949,141,90,Jan,Suppressed,0
2018,OK,Johnston,40069,10949,141,90,Feb,Suppressed,0
2018,OK,Johnston,40069,10949,141,90,Mar,12,0
2018,OK,Johnston,40069,10949,141,90,Apr,Suppressed,0
2018,OK,Johnston,40069,10949,141,90,May,Suppressed,0
2018,OK,Johnston,40069,10949,141,90,Jun,Suppressed,0
2018,OK,Johnston,40069,10949,141,90,Jul,10,0
2018,OK,Johnston,40069,10949,141,90,Aug,Suppressed,0
2018,OK,Johnston,40069,10949,141,90,Sep,Suppressed,0
2018,OK,Johnston,40069,10949,141,90,Oct,Suppressed,0
2018,OK,Johnston,40069,10949,141,90,Nov,Suppressed,0
2018,OK,Johnston,40069,10949,141,90,Dec,Suppressed,0
2018,OK,Kay,40071,44161,615,380,Jan,30,0
2018,OK,Kay,40071,44161,615,380,Feb,33,0
2018,OK,Kay,40071,44161,615,380,Mar,31,0
2018,OK,Kay,40071,44161,615,380,Apr,29,0
2018,OK,Kay,40071,44161,615,380,May,36,0
2018,OK,Kay,40071,44161,615,380,Jun,24,0
2018,OK,Kay,40071,44161,615,380,Jul,33,0
2018,OK,Kay,40071,44161,615,380,Aug,35,0
2018,OK,Kay,40071,44161,615,380,Sep,37,0
2018,OK,Kay,40071,44161,615,380,Oct,31,0
2018,OK,Kay,40071,44161,615,380,Nov,34,0
2018,OK,Kay,40071,44161,615,380,Dec,27,0
2018,OK,Kingfisher,40073,15816,163,118,Jan,15,0
2018,OK,Kingfisher,40073,15816,163,118,Feb,Suppressed,0
2018,OK,Kingfisher,40073,15816,163,118,Mar,15,0
2018,OK,Kingfisher,40073,15816,163,118,Apr,Suppressed,0
2018,OK,Kingfisher,40073,15816,163,118,May,Suppressed,0
2018,OK,Kingfisher,40073,15816,163,118,Jun,Suppressed,0
2018,OK,Kingfisher,40073,15816,163,118,Jul,Suppressed,0
2018,OK,Kingfisher,40073,15816,163,118,Aug,10,0
2018,OK,Kingfisher,40073,15816,163,118,Sep,Suppressed,0
2018,OK,Kingfisher,40073,15816,163,118,Oct,Suppressed,0
2018,OK,Kingfisher,40073,15816,163,118,Nov,11,0
2018,OK,Kingfisher,40073,15816,163,118,Dec,13,0
2018,OK,Kiowa,40075,8729,135,93,Jan,11,0
2018,OK,Kiowa,40075,8729,135,93,Feb,10,0
2018,OK,Kiowa,40075,8729,135,93,Mar,Suppressed,0
2018,OK,Kiowa,40075,8729,135,93,Apr,Suppressed,0
2018,OK,Kiowa,40075,8729,135,93,May,Suppressed,0
2018,OK,Kiowa,40075,8729,135,93,Jun,Suppressed,0
2018,OK,Kiowa,40075,8729,135,93,Jul,Suppressed,0
2018,OK,Kiowa,40075,8729,135,93,Aug,Suppressed,0
2018,OK,Kiowa,40075,8729,135,93,Sep,Suppressed,0
2018,OK,Kiowa,40075,8729,135,93,Oct,11,0
2018,OK,Kiowa,40075,8729,135,93,Nov,Suppressed,0
2018,OK,Kiowa,40075,8729,135,93,Dec,Suppressed,0
2018,OK,Latimer,40077,10231,148,80,Jan,Suppressed,0
2018,OK,Latimer,40077,10231,148,80,Feb,Suppressed,0
2018,OK,Latimer,40077,10231,148,80,Mar,11,0
2018,OK,Latimer,40077,10231,148,80,Apr,Suppressed,0
2018,OK,Latimer,40077,10231,148,80,May,Suppressed,0
2018,OK,Latimer,40077,10231,148,80,Jun,Suppressed,0
2018,OK,Latimer,40077,10231,148,80,Jul,Suppressed,0
2018,OK,Latimer,40077,10231,148,80,Aug,Suppressed,0
2018,OK,Latimer,40077,10231,148,80,Sep,11,0
2018,OK,Latimer,40077,10231,148,80,Oct,Suppressed,0
2018,OK,Latimer,40077,10231,148,80,Nov,Suppressed,0
2018,OK,Latimer,40077,10231,148,80,Dec,Suppressed,0
2018,OK,Le Flore,40079,49980,645,402,Jan,37,0
2018,OK,Le Flore,40079,49980,645,402,Feb,41,0
2018,OK,Le Flore,40079,49980,645,402,Mar,43,0
2018,OK,Le Flore,40079,49980,645,402,Apr,28,0
2018,OK,Le Flore,40079,49980,645,402,May,27,0
2018,OK,Le Flore,40079,49980,645,402,Jun,28,0
2018,OK,Le Flore,40079,49980,645,402,Jul,29,0
2018,OK,Le Flore,40079,49980,645,402,Aug,33,0
2018,OK,Le Flore,40079,49980,645,402,Sep,27,0
2018,OK,Le Flore,40079,49980,645,402,Oct,39,0
2018,OK,Le Flore,40079,49980,645,402,Nov,28,0
2018,OK,Le Flore,40079,49980,645,402,Dec,42,0
2018,OK,Lincoln,40081,34920,425,243,Jan,25,0
2018,OK,Lincoln,40081,34920,425,243,Feb,22,0
2018,OK,Lincoln,40081,34920,425,243,Mar,23,0
2018,OK,Lincoln,40081,34920,425,243,Apr,17,0
2018,OK,Lincoln,40081,34920,425,243,May,25,0
2018,OK,Lincoln,40081,34920,425,243,Jun,24,0
2018,OK,Lincoln,40081,34920,425,243,Jul,13,0
2018,OK,Lincoln,40081,34920,425,243,Aug,20,0
2018,OK,Lincoln,40081,34920,425,243,Sep,15,0
2018,OK,Lincoln,40081,34920,425,243,Oct,17,0
2018,OK,Lincoln,40081,34920,425,243,Nov,25,0
2018,OK,Lincoln,40081,34920,425,243,Dec,17,0
2018,OK,Logan,40083,47291,391,217,Jan,25,0
2018,OK,Logan,40083,47291,391,217,Feb,19,0
2018,OK,Logan,40083,47291,391,217,Mar,22,0
2018,OK,Logan,40083,47291,391,217,Apr,19,0
2018,OK,Logan,40083,47291,391,217,May,12,0
2018,OK,Logan,40083,47291,391,217,Jun,12,0
2018,OK,Logan,40083,47291,391,217,Jul,20,0
2018,OK,Logan,40083,47291,391,217,Aug,19,0
2018,OK,Logan,40083,47291,391,217,Sep,18,0
2018,OK,Logan,40083,47291,391,217,Oct,25,0
2018,OK,Logan,40083,47291,391,217,Nov,17,0
2018,OK,Logan,40083,47291,391,217,Dec,Suppressed,0
2018,OK,Love,40085,10134,125,76,Jan,Suppressed,0
2018,OK,Love,40085,10134,125,76,Feb,Suppressed,0
2018,OK,Love,40085,10134,125,76,Mar,Suppressed,0
2018,OK,Love,40085,10134,125,76,Apr,Suppressed,0
2018,OK,Love,40085,10134,125,76,May,Suppressed,0
2018,OK,Love,40085,10134,125,76,Jun,Suppressed,0
2018,OK,Love,40085,10134,125,76,Jul,Suppressed,0
2018,OK,Love,40085,10134,125,76,Aug,Suppressed,0
2018,OK,Love,40085,10134,125,76,Sep,Suppressed,0
2018,OK,Love,40085,10134,125,76,Oct,Suppressed,0
2018,OK,Love,40085,10134,125,76,Nov,Suppressed,0
2018,OK,Love,40085,10134,125,76,Dec,Suppressed,0
2018,OK,McClain,40087,39985,416,213,Jan,31,0
2018,OK,McClain,40087,39985,416,213,Feb,24,0
2018,OK,McClain,40087,39985,416,213,Mar,14,0
2018,OK,McClain,40087,39985,416,213,Apr,19,0
2018,OK,McClain,40087,39985,416,213,May,15,0
2018,OK,McClain,40087,39985,416,213,Jun,11,0
2018,OK,McClain,40087,39985,416,213,Jul,12,0
2018,OK,McClain,40087,39985,416,213,Aug,14,0
2018,OK,McClain,40087,39985,416,213,Sep,17,0
2018,OK,McClain,40087,39985,416,213,Oct,22,0
2018,OK,McClain,40087,39985,416,213,Nov,17,0
2018,OK,McClain,40087,39985,416,213,Dec,17,0
2018,OK,McCurtain,40089,32703,388,235,Jan,35,0
2018,OK,McCurtain,40089,32703,388,235,Feb,19,0
2018,OK,McCurtain,40089,32703,388,235,Mar,13,0
2018,OK,McCurtain,40089,32703,388,235,Apr,20,0
2018,OK,McCurtain,40089,32703,388,235,May,20,0
2018,OK,McCurtain,40089,32703,388,235,Jun,17,0
2018,OK,McCurtain,40089,32703,388,235,Jul,19,0
2018,OK,McCurtain,40089,32703,388,235,Aug,14,0
2018,OK,McCurtain,40089,32703,388,235,Sep,12,0
2018,OK,McCurtain,40089,32703,388,235,Oct,16,0
2018,OK,McCurtain,40089,32703,388,235,Nov,23,0
2018,OK,McCurtain,40089,32703,388,235,Dec,27,0
2018,OK,McIntosh,40091,19815,333,177,Jan,24,0
2018,OK,McIntosh,40091,19815,333,177,Feb,18,0
2018,OK,McIntosh,40091,19815,333,177,Mar,13,0
2018,OK,McIntosh,40091,19815,333,177,Apr,16,0
2018,OK,McIntosh,40091,19815,333,177,May,14,0
2018,OK,McIntosh,40091,19815,333,177,Jun,12,0
2018,OK,McIntosh,40091,19815,333,177,Jul,10,0
2018,OK,McIntosh,40091,19815,333,177,Aug,13,0
2018,OK,McIntosh,40091,19815,333,177,Sep,11,0
2018,OK,McIntosh,40091,19815,333,177,Oct,16,0
2018,OK,McIntosh,40091,19815,333,177,Nov,15,0
2018,OK,McIntosh,40091,19815,333,177,Dec,15,0
2018,OK,Major,40093,7644,122,85,Jan,19,0
2018,OK,Major,40093,7644,122,85,Feb,10,0
2018,OK,Major,40093,7644,122,85,Mar,Suppressed,0
2018,OK,Major,40093,7644,122,85,Apr,Suppressed,0
2018,OK,Major,40093,7644,122,85,May,Suppressed,0
2018,OK,Major,40093,7644,122,85,Jun,Suppressed,0
2018,OK,Major,40093,7644,122,85,Jul,Suppressed,0
2018,OK,Major,40093,7644,122,85,Aug,Suppressed,0
2018,OK,Major,40093,7644,122,85,Sep,Suppressed,0
2018,OK,Major,40093,7644,122,85,Oct,Suppressed,0
2018,OK,Major,40093,7644,122,85,Nov,Suppressed,0
2018,OK,Major,40093,7644,122,85,Dec,Suppressed,0
2018,OK,Marshall,40095,16806,207,119,Jan,14,0
2018,OK,Marshall,40095,16806,207,119,Feb,10,0
2018,OK,Marshall,40095,16806,207,119,Mar,10,0
2018,OK,Marshall,40095,16806,207,119,Apr,11,0
2018,OK,Marshall,40095,16806,207,119,May,13,0
2018,OK,Marshall,40095,16806,207,119,Jun,Suppressed,0
2018,OK,Marshall,40095,16806,207,119,Jul,Suppressed,0
2018,OK,Marshall,40095,16806,207,119,Aug,11,0
2018,OK,Marshall,40095,16806,207,119,Sep,Suppressed,0
2018,OK,Marshall,40095,16806,207,119,Oct,14,0
2018,OK,Marshall,40095,16806,207,119,Nov,Suppressed,0
2018,OK,Marshall,40095,16806,207,119,Dec,Suppressed,0
2018,OK,Mayes,40097,41107,472,274,Jan,25,0
2018,OK,Mayes,40097,41107,472,274,Feb,20,0
2018,OK,Mayes,40097,41107,472,274,Mar,17,0
2018,OK,Mayes,40097,41107,472,274,Apr,32,0
2018,OK,Mayes,40097,41107,472,274,May,14,0
2018,OK,Mayes,40097,41107,472,274,Jun,32,0
2018,OK,Mayes,40097,41107,472,274,Jul,27,0
2018,OK,Mayes,40097,41107,472,274,Aug,22,0
2018,OK,Mayes,40097,41107,472,274,Sep,18,0
2018,OK,Mayes,40097,41107,472,274,Oct,17,0
2018,OK,Mayes,40097,41107,472,274,Nov,26,0
2018,OK,Mayes,40097,41107,472,274,Dec,24,0
2018,OK,Murray,40099,13953,189,133,Jan,16,0
2018,OK,Murray,40099,13953,189,133,Feb,18,0
2018,OK,Murray,40099,13953,189,133,Mar,Suppressed,0
2018,OK,Murray,40099,13953,189,133,Apr,14,0
2018,OK,Murray,40099,13953,189,133,May,10,0
2018,OK,Murray,40099,13953,189,133,Jun,Suppressed,0
2018,OK,Murray,40099,13953,189,133,Jul,10,0
2018,OK,Murray,40099,13953,189,133,Aug,Suppressed,0
2018,OK,Murray,40099,13953,189,133,Sep,Suppressed,0
2018,OK,Murray,40099,13953,189,133,Oct,10,0
2018,OK,Murray,40099,13953,189,133,Nov,11,0
2018,OK,Murray,40099,13953,189,133,Dec,13,0
2018,OK,Muskogee,40101,68362,901,600,Jan,69,0
2018,OK,Muskogee,40101,68362,901,600,Feb,55,0
2018,OK,Muskogee,40101,68362,901,600,Mar,55,0
2018,OK,Muskogee,40101,68362,901,600,Apr,57,0
2018,OK,Muskogee,40101,68362,901,600,May,51,0
2018,OK,Muskogee,40101,68362,901,600,Jun,50,0
2018,OK,Muskogee,40101,68362,901,600,Jul,52,0
2018,OK,Muskogee,40101,68362,901,600,Aug,44,0
2018,OK,Muskogee,40101,68362,901,600,Sep,41,0
2018,OK,Muskogee,40101,68362,901,600,Oct,41,0
2018,OK,Muskogee,40101,68362,901,600,Nov,44,0
2018,OK,Muskogee,40101,68362,901,600,Dec,41,0
2018,OK,Noble,40103,11289,149,96,Jan,Suppressed,0
2018,OK,Noble,40103,11289,149,96,Feb,Suppressed,0
2018,OK,Noble,40103,11289,149,96,Mar,15,0
2018,OK,Noble,40103,11289,149,96,Apr,Suppressed,0
2018,OK,Noble,40103,11289,149,96,May,Suppressed,0
2018,OK,Noble,40103,11289,149,96,Jun,Suppressed,0
2018,OK,Noble,40103,11289,149,96,Jul,12,0
2018,OK,Noble,40103,11289,149,96,Aug,12,0
2018,OK,Noble,40103,11289,149,96,Sep,Suppressed,0
2018,OK,Noble,40103,11289,149,96,Oct,Suppressed,0
2018,OK,Noble,40103,11289,149,96,Nov,Suppressed,0
2018,OK,Noble,40103,11289,149,96,Dec,Suppressed,0
2018,OK,Nowata,40105,10218,134,78,Jan,13,0
2018,OK,Nowata,40105,10218,134,78,Feb,Suppressed,0
2018,OK,Nowata,40105,10218,134,78,Mar,13,0
2018,OK,Nowata,40105,10218,134,78,Apr,Suppressed,0
2018,OK,Nowata,40105,10218,134,78,May,10,0
2018,OK,Nowata,40105,10218,134,78,Jun,Suppressed,0
2018,OK,Nowata,40105,10218,134,78,Jul,Suppressed,0
2018,OK,Nowata,40105,10218,134,78,Aug,Suppressed,0
2018,OK,Nowata,40105,10218,134,78,Sep,Suppressed,0
2018,OK,Nowata,40105,10218,134,78,Oct,Suppressed,0
2018,OK,Nowata,40105,10218,134,78,Nov,Suppressed,0
2018,OK,Nowata,40105,10218,134,78,Dec,Suppressed,0
2018,OK,Okfuskee,40107,12098,197,121,Jan,13,0
2018,OK,Okfuskee,40107,12098,197,121,Feb,11,0
2018,OK,Okfuskee,40107,12098,197,121,Mar,10,0
2018,OK,Okfuskee,40107,12098,197,121,Apr,Suppressed,0
2018,OK,Okfuskee,40107,12098,197,121,May,13,0
2018,OK,Okfuskee,40107,12098,197,121,Jun,Suppressed,0
2018,OK,Okfuskee,40107,12098,197,121,Jul,Suppressed,0
2018,OK,Okfuskee,40107,12098,197,121,Aug,Suppressed,0
2018,OK,Okfuskee,40107,12098,197,121,Sep,Suppressed,0
2018,OK,Okfuskee,40107,12098,197,121,Oct,12,0
2018,OK,Okfuskee,40107,12098,197,121,Nov,16,0
2018,OK,Okfuskee,40107,12098,197,121,Dec,13,0
2018,OK,Oklahoma,40109,792582,7346,4568,Jan,507,0
2018,OK,Oklahoma,40109,792582,7346,4568,Feb,403,0
2018,OK,Oklahoma,40109,792582,7346,4568,Mar,396,0
2018,OK,Oklahoma,40109,792582,7346,4568,Apr,383,0
2018,OK,Oklahoma,40109,792582,7346,4568,May,357,0
2018,OK,Oklahoma,40109,792582,7346,4568,Jun,330,0
2018,OK,Oklahoma,40109,792582,7346,4568,Jul,360,0
2018,OK,Oklahoma,40109,792582,7346,4568,Aug,335,0
2018,OK,Oklahoma,40109,792582,7346,4568,Sep,341,0
2018,OK,Oklahoma,40109,792582,7346,4568,Oct,385,0
2018,OK,Oklahoma,40109,792582,7346,4568,Nov,384,0
2018,OK,Oklahoma,40109,792582,7346,4568,Dec,387,0
2018,OK,Okmulgee,40111,38335,522,321,Jan,43,0
2018,OK,Okmulgee,40111,38335,522,321,Feb,24,0
2018,OK,Okmulgee,40111,38335,522,321,Mar,28,0
2018,OK,Okmulgee,40111,38335,522,321,Apr,23,0
2018,OK,Okmulgee,40111,38335,522,321,May,34,0
2018,OK,Okmulgee,40111,38335,522,321,Jun,36,0
2018,OK,Okmulgee,40111,38335,522,321,Jul,25,0
2018,OK,Okmulgee,40111,38335,522,321,Aug,29,0
2018,OK,Okmulgee,40111,38335,522,321,Sep,18,0
2018,OK,Okmulgee,40111,38335,522,321,Oct,26,0
2018,OK,Okmulgee,40111,38335,522,321,Nov,18,0
2018,OK,Okmulgee,40111,38335,522,321,Dec,17,0
2018,OK,Osage,40113,47014,484,272,Jan,37,0
2018,OK,Osage,40113,47014,484,272,Feb,22,0
2018,OK,Osage,40113,47014,484,272,Mar,22,0
2018,OK,Osage,40113,47014,484,272,Apr,20,0
2018,OK,Osage,40113,47014,484,272,May,24,0
2018,OK,Osage,40113,47014,484,272,Jun,23,0
2018,OK,Osage,40113,47014,484,272,Jul,22,0
2018,OK,Osage,40113,47014,484,272,Aug,16,0
2018,OK,Osage,40113,47014,484,272,Sep,25,0
2018,OK,Osage,40113,47014,484,272,Oct,19,0
2018,OK,Osage,40113,47014,484,272,Nov,27,0
2018,OK,Osage,40113,47014,484,272,Dec,15,0
2018,OK,Ottawa,40115,31175,422,263,Jan,28,0
2018,OK,Ottawa,40115,31175,422,263,Feb,27,0
2018,OK,Ottawa,40115,31175,422,263,Mar,26,0
2018,OK,Ottawa,40115,31175,422,263,Apr,28,0
2018,OK,Ottawa,40115,31175,422,263,May,18,0
2018,OK,Ottawa,40115,31175,422,263,Jun,22,0
2018,OK,Ottawa,40115,31175,422,263,Jul,12,0
2018,OK,Ottawa,40115,31175,422,263,Aug,20,0
2018,OK,Ottawa,40115,31175,422,263,Sep,21,0
2018,OK,Ottawa,40115,31175,422,263,Oct,24,0
2018,OK,Ottawa,40115,31175,422,263,Nov,21,0
2018,OK,Ottawa,40115,31175,422,263,Dec,16,0
2018,OK,Pawnee,40117,16390,213,121,Jan,11,0
2018,OK,Pawnee,40117,16390,213,121,Feb,Suppressed,0
2018,OK,Pawnee,40117,16390,213,121,Mar,11,0
2018,OK,Pawnee,40117,16390,213,121,Apr,15,0
2018,OK,Pawnee,40117,16390,213,121,May,Suppressed,0
2018,OK,Pawnee,40117,16390,213,121,Jun,11,0
2018,OK,Pawnee,40117,16390,213,121,Jul,Suppressed,0
2018,OK,Pawnee,40117,16390,213,121,Aug,Suppressed,0
2018,OK,Pawnee,40117,16390,213,121,Sep,Suppressed,0
2018,OK,Pawnee,40117,16390,213,121,Oct,17,0
2018,OK,Pawnee,40117,16390,213,121,Nov,Suppressed,0
2018,OK,Pawnee,40117,16390,213,121,Dec,12,0
2018,OK,Payne,40119,82040,630,357,Jan,37,0
2018,OK,Payne,40119,82040,630,357,Feb,33,0
2018,OK,Payne,40119,82040,630,357,Mar,32,0
2018,OK,Payne,40119,82040,630,357,Apr,24,0
2018,OK,Payne,40119,82040,630,357,May,38,0
2018,OK,Payne,40119,82040,630,357,Jun,29,0
2018,OK,Payne,40119,82040,630,357,Jul,27,0
2018,OK,Payne,40119,82040,630,357,Aug,16,0
2018,OK,Payne,40119,82040,630,357,Sep,28,0
2018,OK,Payne,40119,82040,630,357,Oct,30,0
2018,OK,Payne,40119,82040,630,357,Nov,35,0
2018,OK,Payne,40119,82040,630,357,Dec,28,0
2018,OK,Pittsburg,40121,43877,623,345,Jan,41,0
2018,OK,Pittsburg,40121,43877,623,345,Feb,44,0
2018,OK,Pittsburg,40121,43877,623,345,Mar,31,0
2018,OK,Pittsburg,40121,43877,623,345,Apr,18,0
2018,OK,Pittsburg,40121,43877,623,345,May,25,0
2018,OK,Pittsburg,40121,43877,623,345,Jun,25,0
2018,OK,Pittsburg,40121,43877,623,345,Jul,26,0
2018,OK,Pittsburg,40121,43877,623,345,Aug,35,0
2018,OK,Pittsburg,40121,43877,623,345,Sep,24,0
2018,OK,Pittsburg,40121,43877,623,345,Oct,25,0
2018,OK,Pittsburg,40121,43877,623,345,Nov,28,0
2018,OK,Pittsburg,40121,43877,623,345,Dec,23,0
2018,OK,Pontotoc,40123,38247,477,285,Jan,42,0
2018,OK,Pontotoc,40123,38247,477,285,Feb,22,0
2018,OK,Pontotoc,40123,38247,477,285,Mar,21,0
2018,OK,Pontotoc,40123,38247,477,285,Apr,22,0
2018,OK,Pontotoc,40123,38247,477,285,May,18,0
2018,OK,Pontotoc,40123,38247,477,285,Jun,23,0
2018,OK,Pontotoc,40123,38247,477,285,Jul,18,0
2018,OK,Pontotoc,40123,38247,477,285,Aug,20,0
2018,OK,Pontotoc,40123,38247,477,285,Sep,24,0
2018,OK,Pontotoc,40123,38247,477,285,Oct,22,0
2018,OK,Pontotoc,40123,38247,477,285,Nov,30,0
2018,OK,Pontotoc,40123,38247,477,285,Dec,23,0
2018,OK,Pottawatomie,40125,72679,870,529,Jan,60,0
2018,OK,Pottawatomie,40125,72679,870,529,Feb,44,0
2018,OK,Pottawatomie,40125,72679,870,529,Mar,49,0
2018,OK,Pottawatomie,40125,72679,870,529,Apr,47,0
2018,OK,Pottawatomie,40125,72679,870,529,May,45,0
2018,OK,Pottawatomie,40125,72679,870,529,Jun,39,0
2018,OK,Pottawatomie,40125,72679,870,529,Jul,41,0
2018,OK,Pottawatomie,40125,72679,870,529,Aug,39,0
2018,OK,Pottawatomie,40125,72679,870,529,Sep,39,0
2018,OK,Pottawatomie,40125,72679,870,529,Oct,44,0
2018,OK,Pottawatomie,40125,72679,870,529,Nov,49,0
2018,OK,Pottawatomie,40125,72679,870,529,Dec,33,0
2018,OK,Pushmataha,40127,11179,144,81,Jan,Suppressed,0
2018,OK,Pushmataha,40127,11179,144,81,Feb,Suppressed,0
2018,OK,Pushmataha,40127,11179,144,81,Mar,Suppressed,0
2018,OK,Pushmataha,40127,11179,144,81,Apr,Suppressed,0
2018,OK,Pushmataha,40127,11179,144,81,May,Suppressed,0
2018,OK,Pushmataha,40127,11179,144,81,Jun,Suppressed,0
2018,OK,Pushmataha,40127,11179,144,81,Jul,10,0
2018,OK,Pushmataha,40127,11179,144,81,Aug,11,0
2018,OK,Pushmataha,40127,11179,144,81,Sep,Suppressed,0
2018,OK,Pushmataha,40127,11179,144,81,Oct,Suppressed,0
2018,OK,Pushmataha,40127,11179,144,81,Nov,Suppressed,0
2018,OK,Pushmataha,40127,11179,144,81,Dec,Suppressed,0
2018,OK,Roger Mills,40129,3656,37,18,Jan,Suppressed,0
2018,OK,Roger Mills,40129,3656,37,18,Feb,Suppressed,0
2018,OK,Roger Mills,40129,3656,37,18,Mar,Suppressed,0
2018,OK,Roger Mills,40129,3656,37,18,Apr,Suppressed,0
2018,OK,Roger Mills,40129,3656,37,18,May,0,0
2018,OK,Roger Mills,40129,3656,37,18,Jun,Suppressed,0
2018,OK,Roger Mills,40129,3656,37,18,Jul,Suppressed,0
2018,OK,Roger Mills,40129,3656,37,18,Aug,0,0
2018,OK,Roger Mills,40129,3656,37,18,Sep,0,0
2018,OK,Roger Mills,40129,3656,37,18,Oct,Suppressed,0
2018,OK,Roger Mills,40129,3656,37,18,Nov,0,0
2018,OK,Roger Mills,40129,3656,37,18,Dec,Suppressed,0
2018,OK,Rogers,40131,91984,939,533,Jan,57,0
2018,OK,Rogers,40131,91984,939,533,Feb,43,0
2018,OK,Rogers,40131,91984,939,533,Mar,43,0
2018,OK,Rogers,40131,91984,939,533,Apr,36,0
2018,OK,Rogers,40131,91984,939,533,May,42,0
2018,OK,Rogers,40131,91984,939,533,Jun,42,0
2018,OK,Rogers,40131,91984,939,533,Jul,46,0
2018,OK,Rogers,40131,91984,939,533,Aug,58,0
2018,OK,Rogers,40131,91984,939,533,Sep,42,0
2018,OK,Rogers,40131,91984,939,533,Oct,45,0
2018,OK,Rogers,40131,91984,939,533,Nov,42,0
2018,OK,Rogers,40131,91984,939,533,Dec,37,0
2018,OK,Seminole,40133,24578,363,218,Jan,26,0
2018,OK,Seminole,40133,24578,363,218,Feb,24,0
2018,OK,Seminole,40133,24578,363,218,Mar,13,0
2018,OK,Seminole,40133,24578,363,218,Apr,19,0
2018,OK,Seminole,40133,24578,363,218,May,20,0
2018,OK,Seminole,40133,24578,363,218,Jun,12,0
2018,OK,Seminole,40133,24578,363,218,Jul,17,0
2018,OK,Seminole,40133,24578,363,218,Aug,17,0
2018,OK,Seminole,40133,24578,363,218,Sep,11,0
2018,OK,Seminole,40133,24578,363,218,Oct,10,0
2018,OK,Seminole,40133,24578,363,218,Nov,21,0
2018,OK,Seminole,40133,24578,363,218,Dec,28,0
2018,OK,Sequoyah,40135,41179,521,352,Jan,28,0
2018,OK,Sequoyah,40135,41179,521,352,Feb,33,0
2018,OK,Sequoyah,40135,41179,521,352,Mar,26,0
2018,OK,Sequoyah,40135,41179,521,352,Apr,22,0
2018,OK,Sequoyah,40135,41179,521,352,May,37,0
2018,OK,Sequoyah,40135,41179,521,352,Jun,19,0
2018,OK,Sequoyah,40135,41179,521,352,Jul,33,0
2018,OK,Sequoyah,40135,41179,521,352,Aug,30,0
2018,OK,Sequoyah,40135,41179,521,352,Sep,23,0
2018,OK,Sequoyah,40135,41179,521,352,Oct,30,0
2018,OK,Sequoyah,40135,41179,521,352,Nov,37,0
2018,OK,Sequoyah,40135,41179,521,352,Dec,34,0
2018,OK,Stephens,40137,43265,613,379,Jan,42,0
2018,OK,Stephens,40137,43265,613,379,Feb,40,0
2018,OK,Stephens,40137,43265,613,379,Mar,22,0
2018,OK,Stephens,40137,43265,613,379,Apr,43,0
2018,OK,Stephens,40137,43265,613,379,May,38,0
2018,OK,Stephens,40137,43265,613,379,Jun,20,0
2018,OK,Stephens,40137,43265,613,379,Jul,31,0
2018,OK,Stephens,40137,43265,613,379,Aug,25,0
2018,OK,Stephens,40137,43265,613,379,Sep,23,0
2018,OK,Stephens,40137,43265,613,379,Oct,28,0
2018,OK,Stephens,40137,43265,613,379,Nov,31,0
2018,OK,Stephens,40137,43265,613,379,Dec,36,0
2018,OK,Texas,40139,20455,185,117,Jan,11,0
2018,OK,Texas,40139,20455,185,117,Feb,Suppressed,0
2018,OK,Texas,40139,20455,185,117,Mar,13,0
2018,OK,Texas,40139,20455,185,117,Apr,Suppressed,0
2018,OK,Texas,40139,20455,185,117,May,Suppressed,0
2018,OK,Texas,40139,20455,185,117,Jun,Suppressed,0
2018,OK,Texas,40139,20455,185,117,Jul,11,0
2018,OK,Texas,40139,20455,185,117,Aug,13,0
2018,OK,Texas,40139,20455,185,117,Sep,10,0
2018,OK,Texas,40139,20455,185,117,Oct,Suppressed,0
2018,OK,Texas,40139,20455,185,117,Nov,12,0
2018,OK,Texas,40139,20455,185,117,Dec,Suppressed,0
2018,OK,Tillman,40141,7348,103,63,Jan,Suppressed,0
2018,OK,Tillman,40141,7348,103,63,Feb,10,0
2018,OK,Tillman,40141,7348,103,63,Mar,Suppressed,0
2018,OK,Tillman,40141,7348,103,63,Apr,Suppressed,0
2018,OK,Tillman,40141,7348,103,63,May,Suppressed,0
2018,OK,Tillman,40141,7348,103,63,Jun,Suppressed,0
2018,OK,Tillman,40141,7348,103,63,Jul,Suppressed,0
2018,OK,Tillman,40141,7348,103,63,Aug,Suppressed,0
2018,OK,Tillman,40141,7348,103,63,Sep,Suppressed,0
2018,OK,Tillman,40141,7348,103,63,Oct,Suppressed,0
2018,OK,Tillman,40141,7348,103,63,Nov,Suppressed,0
2018,OK,Tillman,40141,7348,103,63,Dec,Suppressed,0
2018,OK,Tulsa,40143,648360,6142,4027,Jan,425,0
2018,OK,Tulsa,40143,648360,6142,4027,Feb,328,0
2018,OK,Tulsa,40143,648360,6142,4027,Mar,358,0
2018,OK,Tulsa,40143,648360,6142,4027,Apr,332,0
2018,OK,Tulsa,40143,648360,6142,4027,May,311,0
2018,OK,Tulsa,40143,648360,6142,4027,Jun,312,0
2018,OK,Tulsa,40143,648360,6142,4027,Jul,316,0
2018,OK,Tulsa,40143,648360,6142,4027,Aug,329,0
2018,OK,Tulsa,40143,648360,6142,4027,Sep,270,0
2018,OK,Tulsa,40143,648360,6142,4027,Oct,336,0
2018,OK,Tulsa,40143,648360,6142,4027,Nov,336,0
2018,OK,Tulsa,40143,648360,6142,4027,Dec,374,0
2018,OK,Wagoner,40145,80110,648,363,Jan,29,0
2018,OK,Wagoner,40145,80110,648,363,Feb,34,0
2018,OK,Wagoner,40145,80110,648,363,Mar,27,0
2018,OK,Wagoner,40145,80110,648,363,Apr,34,0
2018,OK,Wagoner,40145,80110,648,363,May,30,0
2018,OK,Wagoner,40145,80110,648,363,Jun,29,0
2018,OK,Wagoner,40145,80110,648,363,Jul,27,0
2018,OK,Wagoner,40145,80110,648,363,Aug,32,0
2018,OK,Wagoner,40145,80110,648,363,Sep,33,0
2018,OK,Wagoner,40145,80110,648,363,Oct,35,0
2018,OK,Wagoner,40145,80110,648,363,Nov,33,0
2018,OK,Wagoner,40145,80110,648,363,Dec,20,0
2018,OK,Washington,40147,51843,705,439,Jan,36,0
2018,OK,Washington,40147,51843,705,439,Feb,37,0
2018,OK,Washington,40147,51843,705,439,Mar,31,0
2018,OK,Washington,40147,51843,705,439,Apr,31,0
2018,OK,Washington,40147,51843,705,439,May,32,0
2018,OK,Washington,40147,51843,705,439,Jun,38,0
2018,OK,Washington,40147,51843,705,439,Jul,32,0
2018,OK,Washington,40147,51843,705,439,Aug,31,0
2018,OK,Washington,40147,51843,705,439,Sep,33,0
2018,OK,Washington,40147,51843,705,439,Oct,44,0
2018,OK,Washington,40147,51843,705,439,Nov,41,0
2018,OK,Washington,40147,51843,705,439,Dec,53,0
2018,OK,Washita,40149,11127,157,88,Jan,10,0
2018,OK,Washita,40149,11127,157,88,Feb,Suppressed,0
2018,OK,Washita,40149,11127,157,88,Mar,Suppressed,0
2018,OK,Washita,40149,11127,157,88,Apr,Suppressed,0
2018,OK,Washita,40149,11127,157,88,May,Suppressed,0
2018,OK,Washita,40149,11127,157,88,Jun,Suppressed,0
2018,OK,Washita,40149,11127,157,88,Jul,Suppressed,0
2018,OK,Washita,40149,11127,157,88,Aug,12,0
2018,OK,Washita,40149,11127,157,88,Sep,Suppressed,0
2018,OK,Washita,40149,11127,157,88,Oct,11,0
2018,OK,Washita,40149,11127,157,88,Nov,14,0
2018,OK,Washita,40149,11127,157,88,Dec,Suppressed,0
2018,OK,Woods,40151,8897,105,80,Jan,Suppressed,0
2018,OK,Woods,40151,8897,105,80,Feb,11,0
2018,OK,Woods,40151,8897,105,80,Mar,Suppressed,0
2018,OK,Woods,40151,8897,105,80,Apr,10,0
2018,OK,Woods,40151,8897,105,80,May,Suppressed,0
2018,OK,Woods,40151,8897,105,80,Jun,Suppressed,0
2018,OK,Woods,40151,8897,105,80,Jul,Suppressed,0
2018,OK,Woods,40151,8897,105,80,Aug,Suppressed,0
2018,OK,Woods,40151,8897,105,80,Sep,Suppressed,0
2018,OK,Woods,40151,8897,105,80,Oct,Suppressed,0
2018,OK,Woods,40151,8897,105,80,Nov,10,0
2018,OK,Woods,40151,8897,105,80,Dec,Suppressed,0
2018,OK,Woodward,40153,20222,199,123,Jan,15,0
2018,OK,Woodward,40153,20222,199,123,Feb,15,0
2018,OK,Woodward,40153,20222,199,123,Mar,Suppressed,0
2018,OK,Woodward,40153,20222,199,123,Apr,Suppressed,0
2018,OK,Woodward,40153,20222,199,123,May,14,0
2018,OK,Woodward,40153,20222,199,123,Jun,Suppressed,0
2018,OK,Woodward,40153,20222,199,123,Jul,10,0
2018,OK,Woodward,40153,20222,199,123,Aug,Suppressed,0
2018,OK,Woodward,40153,20222,199,123,Sep,11,0
2018,OK,Woodward,40153,20222,199,123,Oct,Suppressed,0
2018,OK,Woodward,40153,20222,199,123,Nov,12,0
2018,OK,Woodward,40153,20222,199,123,Dec,11,0
