year,state,county,county_code,county_population,annual_adj_deaths,annual_crude_rate_10k
2018,OK,Adair,40001,22082,156,70.64577483923557
2018,OK,Alfalfa,40003,5754,39,67.77893639207508
2018,OK,Atoka,40005,13838,88,63.593004769475364
2018,OK,Beaver,40007,5319,38,71.44200037601053
2018,OK,Beckham,40009,21709,145,66.79257450826846
2018,OK,Blaine,40011,9485,79,83.28940432261466
2018,OK,Bryan,40013,47192,322,68.23190371249365
2018,OK,Caddo,40015,28977,258,89.03613210477276
2018,OK,Canadian,40017,144447,707,48.94528789106039
2018,OK,Carter,40019,48177,349,72.44120638478942
2018,OK,Cherokee,40021,48675,313,64.30405752439651
2018,OK,Choctaw,40023,14668,126,85.90128170166349
2018,OK,Cimarron,40025,2153,13,60.38086391082211
2018,OK,Cleveland,40027,281669,1231,43.703779968686646
2018,OK,Coal,40029,5520,46,83.33333333333333
2018,OK,Comanche,40031,120422,660,54.8072611316869
2018,OK,Cotton,40033,5776,44,76.17728531855956
2018,OK,Craig,40035,14306,110,76.89081504263945
2018,OK,Creek,40037,71604,484,67.59398916261661
2018,OK,Custer,40039,29036,224,77.14561234329798
2018,OK,Delaware,40041,42733,355,83.07397093581073
2018,OK,Dewey,40043,4894,36,73.55946056395587
2018,OK,Ellis,40045,3952,40,101.21457489878543
2018,OK,Garfield,40047,60913,445,73.0550128872326
2018,OK,Garvin,40049,27811,236,84.85850922296933
2018,OK,Grady,40051,55551,353,63.545210707277995
2018,OK,Grant,40053,4326,44,101.71058714748035
2018,OK,Greer,40055,5821,38,65.28087957395637
2018,OK,Harmon,40057,2664,30,112.61261261261261
2018,OK,Harper,40059,3797,27,71.1087700816434
2018,OK,Haskell,40061,12668,89,70.2557625513104
2018,OK,Hughes,40063,13335,112,83.98950131233596
2018,OK,Jackson,40065,24949,176,70.54390957553409
2018,OK,Jefferson,40067,6123,57,93.09162175404214
2018,OK,Johnston,40069,10949,90,82.19928760617407
2018,OK,Kay,40071,44161,380,86.04877606938248
2018,OK,Kingfisher,40073,15816,118,74.60799190692968
2018,OK,Kiowa,40075,8729,93,106.5414136785428
2018,OK,Latimer,40077,10231,80,78.19372495357248
2018,OK,Le Flore,40079,49980,402,80.43217286914766
2018,OK,Lincoln,40081,34920,243,69.58762886597938
2018,OK,Logan,40083,47291,217,45.88610940770972
2018,OK,Love,40085,10134,76,74.99506611407143
2018,OK,McClain,40087,39985,213,53.269976241090404
2018,OK,McCurtain,40089,32703,235,71.85885086995077
2018,OK,McIntosh,40091,19815,177,89.32626797880394
2018,OK,Major,40093,7644,85,111.19832548403977
2018,OK,Marshall,40095,16806,119,70.80804474592408
2018,OK,Mayes,40097,41107,274,66.65531418006665
2018,OK,Murray,40099,13953,133,95.320002866767
2018,OK,Muskogee,40101,68362,600,87.76805827799069
2018,OK,Noble,40103,11289,96,85.03853308530428
2018,OK,Nowata,40105,10218,78,76.33587786259541
2018,OK,Okfuskee,40107,12098,121,100.01653165812532
2018,OK,Oklahoma,40109,792582,4568,57.634415114145916
2018,OK,Okmulgee,40111,38335,321,83.73548976131472
2018,OK,Osage,40113,47014,272,57.85510698940741
2018,OK,Ottawa,40115,31175,263,84.36246992782678
2018,OK,Pawnee,40117,16390,121,73.8255033557047
2018,OK,Payne,40119,82040,357,43.515358361774744
2018,OK,Pittsburg,40121,43877,345,78.62889440937165
2018,OK,Pontotoc,40123,38247,285,74.51564828614009
2018,OK,Pottawatomie,40125,72679,529,72.78581158243784
2018,OK,Pushmataha,40127,11179,81,72.45728598264604
2018,OK,Roger Mills,40129,3656,18,49.23413566739606
2018,OK,Rogers,40131,91984,533,57.944859975647944
2018,OK,Seminole,40133,24578,218,88.69720888599561
2018,OK,Sequoyah,40135,41179,352,85.48046334296608
2018,OK,Stephens,40137,43265,379,87.59967641280481
2018,OK,Texas,40139,20455,117,57.19872891713517
2018,OK,Tillman,40141,7348,63,85.73761567773545
2018,OK,Tulsa,40143,648360,4027,62.11055586402616
2018,OK,Wagoner,40145,80110,363,45.31269504431406
2018,OK,Washington,40147,51843,439,84.67874158517061
2018,OK,Washita,40149,11127,88,79.08690572481352
2018,OK,Woods,40151,8897,80,89.91794987074294
2018,OK,Woodward,40153,20222,123,60.82484422905746
2019,OK,Adair,40001,22194,125,56.321528340993055
2019,OK,Alfalfa,40003,5702,40,70.1508242721852
2019,OK,Atoka,40005,13758,94,68.32388428550661
2019,OK,Beaver,40007,5311,47,88.49557522123894
2019,OK,Beckham,40009,21859,148,67.70666544672675
2019,OK,Blaine,40011,9429,96,101.81355392936685
2019,OK,Bryan,40013,47995,347,72.29919783310761
2019,OK,Caddo,40015,28762,231,80.31430359502122
2019,OK,Canadian,40017,148306,732,49.35740967998597
2019,OK,Carter,40019,48111,347,72.12487788655402
2019,OK,Cherokee,40021,48657,297,61.039521548800785
2019,OK,Choctaw,40023,14672,131,89.28571428571428
2019,OK,Cimarron,40025,2137,21,98.26860084230229
2019,OK,Cleveland,40027,284014,1299,45.7371819699029
2019,OK,Coal,40029,5495,57,103.73066424021839
2019,OK,Comanche,40031,120749,611,50.60083313319365
2019,OK,Cotton,40033,5666,49,86.4807624426403
2019,OK,Craig,40035,14142,125,88.38919530476593
2019,OK,Creek,40037,71522,509,71.16691367691061
2019,OK,Custer,40039,29003,217,74.81984622280453
2019,OK,Delaware,40041,43009,336,78.12318351972843
2019,OK,Dewey,40043,4891,40,81.78286648947045
2019,OK,Ellis,40045,3859,25,64.7836227001814
2019,OK,Garfield,40047,61056,493,80.74554507337525
2019,OK,Garvin,40049,27711,198,71.45177005521273
2019,OK,Grady,40051,55834,362,64.8350467457105
2019,OK,Grant,40053,4333,49,113.08562197092084
2019,OK,Greer,40055,5712,40,70.0280112044818
2019,OK,Harmon,40057,2653,20,75.38635506973237
2019,OK,Harper,40059,3688,28,75.92190889370933
2019,OK,Haskell,40061,12627,116,91.86663498851668
2019,OK,Hughes,40063,13279,107,80.57835680397619
2019,OK,Jackson,40065,24530,156,63.59559722788423
2019,OK,Jefferson,40067,6002,43,71.6427857380873
2019,OK,Johnston,40069,11085,80,72.16959855660802
2019,OK,Kay,40071,43538,376,86.3613395195002
2019,OK,Kingfisher,40073,15765,119,75.4836663495084
2019,OK,Kiowa,40075,8708,110,126.32062471290766
2019,OK,Latimer,40077,10073,70,69.49270326615705
2019,OK,Le Flore,40079,49853,399,80.03530379315187
2019,OK,Lincoln,40081,34877,208,59.63815695157267
2019,OK,Logan,40083,48011,242,50.40511549436587
2019,OK,Love,40085,10253,84,81.92724080756851
2019,OK,McClain,40087,40474,204,50.40272767702723
2019,OK,McCurtain,40089,32832,242,73.70857699805067
2019,OK,McIntosh,40091,19596,163,83.18024086548276
2019,OK,Major,40093,7629,57,74.7149036570979
2019,OK,Marshall,40095,16931,112,66.15084755773434
2019,OK,Mayes,40097,41100,302,73.47931873479318
2019,OK,Murray,40099,14073,140,99.48127620265757
2019,OK,Muskogee,40101,67997,621,91.32755856876038
2019,OK,Noble,40103,11131,92,82.65205282544247
2019,OK,Nowata,40105,10076,75,74.43429932512902
2019,OK,Okfuskee,40107,11993,127,105.89510547819562
2019,OK,Oklahoma,40109,797434,4665,58.50013919647268
2019,OK,Okmulgee,40111,38465,317,82.41258286754193
2019,OK,Osage,40113,46963,289,61.53780635819688
2019,OK,Ottawa,40115,31127,278,89.3115301827995
2019,OK,Pawnee,40117,16376,119,72.66731802638007
2019,OK,Payne,40119,81784,381,46.58612931624767
2019,OK,Pittsburg,40121,43654,349,79.94685481284647
2019,OK,Pontotoc,40123,38284,236,61.644551248563374
2019,OK,Pottawatomie,40125,72592,510,70.25567555653515
2019,OK,Pushmataha,40127,11096,84,75.70295602018746
2019,OK,Roger Mills,40129,3583,20,55.8191459670667
2019,OK,Rogers,40131,92459,560,60.56738662542316
2019,OK,Seminole,40133,24258,220,90.6917305631132
2019,OK,Sequoyah,40135,41569,294,70.72578123120594
2019,OK,Stephens,40137,43143,369,85.52951811417842
2019,OK,Texas,40139,19983,130,65.05529700245208
2019,OK,Tillman,40141,7250,47,64.82758620689656
2019,OK,Tulsa,40143,651552,3940,60.47099847748146
2019,OK,Wagoner,40145,81289,381,46.86981018341965
2019,OK,Washington,40147,51527,414,80.34622625031537
2019,OK,Washita,40149,10916,100,91.60864785635765
2019,OK,Woods,40151,8793,101,114.86409644035028
2019,OK,Woodward,40153,20211,142,70.25876997674534
2020,OK,Adair,40001,21955,141,64.22227283079026
2020,OK,Alfalfa,40003,5718,50,87.44316194473592
2020,OK,Atoka,40005,13912,114,81.943645773433
2020,OK,Beaver,40007,5207,38,72.97868254273094
2020,OK,Beckham,40009,21468,174,81.05086640581331
2020,OK,Blaine,40011,9447,89,94.20980205356199
2020,OK,Bryan,40013,48998,339,69.18649740805748
2020,OK,Caddo,40015,28684,237,82.62445962906149
2020,OK,Canadian,40017,153192,644,42.03874875972635
2020,OK,Carter,40019,48353,371,76.72740057493847
2020,OK,Cherokee,40021,49019,311,63.44478671535528
2020,OK,Choctaw,40023,14646,146,99.68592107059948
2020,OK,Cimarron,40025,2145,12,55.94405594405595
2020,OK,Cleveland,40027,287066,1249,43.50915817268503
2020,OK,Coal,40029,5587,56,100.23268301413997
2020,OK,Comanche,40031,121099,609,50.28943261298607
2020,OK,Cotton,40033,5676,60,105.70824524312897
2020,OK,Craig,40035,14194,112,78.90658024517403
2020,OK,Creek,40037,71485,463,64.76883262222844
2020,OK,Custer,40039,28648,220,76.79419156660151
2020,OK,Delaware,40041,43136,334,77.42952522255193
2020,OK,Dewey,40043,4815,40,83.07372793354102
2020,OK,Ellis,40045,3830,32,83.5509138381201
2020,OK,Garfield,40047,60869,454,74.58640687377812
2020,OK,Garvin,40049,27691,194,70.05886389079484
2020,OK,Grady,40051,55906,318,56.88119343183201
2020,OK,Grant,40053,4372,47,107.50228728270814
2020,OK,Greer,40055,5704,55,96.4235624123422
2020,OK,Harmon,40057,2557,31,121.23582323034806
2020,OK,Harper,40059,3611,32,88.61811132650236
2020,OK,Haskell,40061,12652,88,69.55422067657287
2020,OK,Hughes,40063,13126,118,89.89791253999695
2020,OK,Jackson,40065,24305,165,67.8872659946513
2020,OK,Jefferson,40067,5949,51,85.72869389813414
2020,OK,Johnston,40069,10824,69,63.74722838137472
2020,OK,Kay,40071,43274,378,87.35037204788094
2020,OK,Kingfisher,40073,15806,108,68.32848285461218
2020,OK,Kiowa,40075,8741,112,128.13179270106394
2020,OK,Latimer,40077,10132,53,52.309514409790765
2020,OK,Le Flore,40079,49935,407,81.5059577450686
2020,OK,Lincoln,40081,35045,220,62.77643030389499
2020,OK,Logan,40083,48777,236,48.38345941734834
2020,OK,Love,40085,10230,84,82.11143695014663
2020,OK,McClain,40087,41348,217,52.48137757569895
2020,OK,McCurtain,40089,32772,247,75.36921762480166
2020,OK,McIntosh,40091,19635,176,89.63585434173669
2020,OK,Major,40093,7579,68,89.72159915556142
2020,OK,Marshall,40095,17114,150,87.64754002570996
2020,OK,Mayes,40097,41152,253,61.4793934681182
2020,OK,Murray,40099,13955,142,101.75564313865998
2020,OK,Muskogee,40101,67610,643,95.10427451560419
2020,OK,Noble,40103,11113,94,84.58562044452442
2020,OK,Nowata,40105,10076,74,73.44184200079397
2020,OK,Okfuskee,40107,11765,122,103.69740756481089
2020,OK,Oklahoma,40109,804041,4639,57.69606276296855
2020,OK,Okmulgee,40111,38234,303,79.2488361144531
2020,OK,Osage,40113,46642,254,54.45735603104498
2020,OK,Ottawa,40115,30879,227,73.51274328831892
2020,OK,Pawnee,40117,16381,126,76.91838105121788
2020,OK,Payne,40119,81755,356,43.54473732493425
2020,OK,Pittsburg,40121,43679,329,75.32223723070582
2020,OK,Pontotoc,40123,38397,237,61.72357215407454
2020,OK,Pottawatomie,40125,72998,509,69.72793775171922
2020,OK,Pushmataha,40127,10970,109,99.36189608021877
2020,OK,Roger Mills,40129,3570,33,92.43697478991596
2020,OK,Rogers,40131,93155,535,57.43116311523804
2020,OK,Seminole,40133,24248,208,85.78027053777632
2020,OK,Sequoyah,40135,41538,353,84.98242573065626
2020,OK,Stephens,40137,43100,346,80.2784222737819
2020,OK,Texas,40139,19997,115,57.50862629394409
2020,OK,Tillman,40141,7229,66,91.29893484576013
2020,OK,Tulsa,40143,657589,3846,58.48637979041621
2020,OK,Wagoner,40145,82925,383,46.186312933373536
2020,OK,Washington,40147,52222,387,74.10669832637585
2020,OK,Washita,40149,10830,100,92.33610341643583
2020,OK,Woods,40151,8687,71,81.73132266605272
2020,OK,Woodward,40153,19812,162,81.7686250757117
2021,OK,Adair,40001,19414,168,86.53548985268363
2021,OK,Alfalfa,40003,5710,25,43.78283712784589
2021,OK,Atoka,40005,14324,107,74.69980452387601
2021,OK,Beaver,40007,4980,30,60.24096385542169
2021,OK,Beckham,40009,22046,169,76.65789712419486
2021,OK,Blaine,40011,8562,94,109.78743284279373
2021,OK,Bryan,40013,47105,388,82.3691752467891
2021,OK,Caddo,40015,26368,249,94.43264563106796
2021,OK,Canadian,40017,161737,671,41.48710560972443
2021,OK,Carter,40019,48291,413,85.52318237352715
2021,OK,Cherokee,40021,47627,313,65.71902492283789
2021,OK,Choctaw,40023,14307,152,106.24169986719787
2021,OK,Cimarron,40025,2248,17,75.62277580071175
2021,OK,Cleveland,40027,297597,1187,39.886154766345086
2021,OK,Coal,40029,5276,52,98.55951478392721
2021,OK,Comanche,40031,122063,658,53.906589220320654
2021,OK,Cotton,40033,5480,54,98.54014598540145
2021,OK,Craig,40035,14115,124,87.84980517180306
2021,OK,Creek,40037,72029,475,65.94566077552098
2021,OK,Custer,40039,28163,183,64.97887298938323
2021,OK,Delaware,40041,41000,353,86.09756097560977
2021,OK,Dewey,40043,4417,50,113.19900384876613
2021,OK,Ellis,40045,3762,27,71.77033492822967
2021,OK,Garfield,40047,61926,452,72.99034331298647
2021,OK,Garvin,40049,25804,227,87.970857231437
2021,OK,Grady,40051,55508,339,61.0722778698566
2021,OK,Grant,40053,4131,36,87.14596949891069
2021,OK,Greer,40055,5487,59,107.52688172043011
2021,OK,Harmon,40057,2418,28,115.79818031430935
2021,OK,Harper,40059,3180,22,69.18238993710692
2021,OK,Haskell,40061,11602,98,84.46819513876918
2021,OK,Hughes,40063,13405,118,88.02685565087653
2021,OK,Jackson,40065,24777,178,71.84082011542964
2021,OK,Jefferson,40067,5438,54,99.30121368150056
2021,OK,Johnston,40069,10301,90,87.37015823706436
2021,OK,Kay,40071,43732,351,80.26159334126041
2021,OK,Kingfisher,40073,15204,100,65.77216521967904
2021,OK,Kiowa,40075,8410,86,102.25921521997621
2021,OK,Latimer,40077,9427,81,85.92341147767051
2021,OK,Le Flore,40079,48476,399,82.30877135077152
2021,OK,Lincoln,40081,33829,228,67.39779479145112
2021,OK,Logan,40083,50885,229,45.00343912744424
2021,OK,Love,40085,10216,83,81.2451057165231
2021,OK,McClain,40087,43516,228,52.394521555290005
2021,OK,McCurtain,40089,30884,279,90.33803911410439
2021,OK,McIntosh,40091,19245,209,108.59963626916081
2021,OK,Major,40093,7668,65,84.7678664580073
2021,OK,Marshall,40095,15594,136,87.21303065281518
2021,OK,Mayes,40097,39159,327,83.50570750019152
2021,OK,Murray,40099,13718,153,111.53229333722116
2021,OK,Muskogee,40101,66146,590,89.19662564629758
2021,OK,Noble,40103,10933,102,93.29552730266167
2021,OK,Nowata,40105,9303,85,91.36837579275503
2021,OK,Okfuskee,40107,11197,107,95.56131106546395
2021,OK,Oklahoma,40109,798575,4424,55.3986788967849
2021,OK,Okmulgee,40111,36843,335,90.92636321689331
2021,OK,Osage,40113,45772,284,62.04666608406887
2021,OK,Ottawa,40115,30340,310,102.17534607778511
2021,OK,Pawnee,40117,15741,143,90.84556254367574
2021,OK,Payne,40119,81989,381,46.469648367463925
2021,OK,Pittsburg,40121,43633,366,83.88146586299361
2021,OK,Pontotoc,40123,38163,295,77.30000262033907
2021,OK,Pottawatomie,40125,73019,528,72.30994672619455
2021,OK,Pushmataha,40127,10815,123,113.73092926490985
2021,OK,Roger Mills,40129,3386,22,64.97341996455995
2021,OK,Rogers,40131,96695,513,53.0534153782512
2021,OK,Seminole,40133,23567,203,86.1373955106717
2021,OK,Sequoyah,40135,39508,351,88.84276602207149
2021,OK,Stephens,40137,43129,347,80.45630550209836
2021,OK,Texas,40139,20865,87,41.69662113587347
2021,OK,Tillman,40141,7076,59,83.38044092707746
2021,OK,Tulsa,40143,672858,3832,56.951095179071956
2021,OK,Wagoner,40145,84050,403,47.947650208209396
2021,OK,Washington,40147,52772,392,74.28181611460623
2021,OK,Washita,40149,10915,100,91.61704076958314
2021,OK,Woods,40151,8583,63,73.40090877315625
2021,OK,Woodward,40153,20205,137,67.8049987626825
2018,TX,Anderson,48001,58057,409,70.44800799214565
2018,TX,Andrews,48003,18128,89,49.09532215357458
2018,TX,Angelina,48005,87092,655,75.20782620676985
2018,TX,Aransas,48007,23792,192,80.69939475453936
2018,TX,Archer,48009,8786,54,61.46141588891418
2018,TX,Armstrong,48011,1892,20,105.70824524312897
2018,TX,Atascosa,48013,50310,252,50.08944543828265
2018,TX,Austin,48015,29989,168,56.02054086498383
2018,TX,Bailey,48017,7027,33,46.96171908353494
2018,TX,Bandera,48019,22824,135,59.148264984227126
2018,TX,Bastrop,48021,86976,424,48.74908020603385
2018,TX,Baylor,48023,3582,54,150.7537688442211
2018,TX,Bee,48025,32587,188,57.69171755608065
2018,TX,Bell,48027,355642,1438,40.43391950332076
2018,TX,Bexar,48029,1986049,7920,39.87817017606312
2018,TX,Blanco,48031,11702,78,66.65527260297385
2018,TX,Borden,48033,648,1,15.432098765432098
2018,TX,Bosque,48035,18691,161,86.13771333797015
2018,TX,Bowie,48037,94324,692,73.36414910309146
2018,TX,Brazoria,48039,370200,1409,38.06050783360346
2018,TX,Brazos,48041,226758,696,30.69351467202921
2018,TX,Brewster,48043,9267,44,47.48030646379626
2018,TX,Briscoe,48045,1516,13,85.75197889182057
2018,TX,Brooks,48047,7114,59,82.93505763283667
2018,TX,Brown,48049,37924,302,79.6329501107478
2018,TX,Burleson,48051,18389,143,77.76388058078199
2018,TX,Burnet,48053,47542,301,63.312439527154936
2018,TX,Caldwell,48055,43247,242,55.95763868013967
2018,TX,Calhoun,48057,21561,134,62.14925096238579
2018,TX,Callahan,48059,13994,110,78.60511647849079
2018,TX,Cameron,48061,423908,1742,41.09382224444927
2018,TX,Camp,48063,13033,100,76.72830507174096
2018,TX,Carson,48065,6005,20,33.30557868442964
2018,TX,Cass,48067,30119,228,75.69972442644178
2018,TX,Castro,48069,7665,51,66.53620352250489
2018,TX,Chambers,48071,42454,175,41.22108635228718
2018,TX,Cherokee,48073,52592,372,70.73319135990265
2018,TX,Childress,48075,7291,46,63.09148264984227
2018,TX,Clay,48077,10456,82,78.4238714613619
2018,TX,Cochran,48079,2836,15,52.89139633286318
2018,TX,Coke,48081,3370,30,89.02077151335313
2018,TX,Coleman,48083,8397,98,116.70834821960223
2018,TX,Collin,48085,1005146,3001,29.85635917568194
2018,TX,Collingsworth,48087,2962,37,124.91559756921
2018,TX,Colorado,48089,21217,189,89.07951171230617
2018,TX,Comal,48091,148373,827,55.73790379651284
2018,TX,Comanche,48093,13534,112,82.75454411112753
2018,TX,Concho,48095,4276,16,37.418147801683816
2018,TX,Cooke,48097,40574,276,68.02385764282545
2018,TX,Coryell,48099,74808,317,42.375147043096995
2018,TX,Cottle,48101,1389,15,107.9913606911447
2018,TX,Crane,48103,4794,30,62.57822277847309
2018,TX,Crockett,48105,3499,27,77.16490425835953
2018,TX,Crosby,48107,5779,55,95.17217511680222
2018,TX,Culberson,48109,2204,13,58.983666061705996
2018,TX,Dallam,48111,7200,23,31.944444444444446
2018,TX,Dallas,48113,2637772,10969,41.58433708447887
2018,TX,Dawson,48115,12619,83,65.77383310880418
2018,TX,Deaf Smith,48117,18760,94,50.10660980810234
2018,TX,Delta,48119,5349,51,95.34492428491308
2018,TX,Denton,48121,859064,2470,28.75222335006472
2018,TX,DeWitt,48123,20187,196,97.09218804180908
2018,TX,Dickens,48125,2249,18,80.03557136505114
2018,TX,Dimmit,48127,10308,61,59.177337989910754
2018,TX,Donley,48129,3319,23,69.2979813196746
2018,TX,Duval,48131,11212,64,57.08169818052087
2018,TX,Eastland,48133,18322,157,85.68933522541208
2018,TX,Ector,48135,162124,766,47.247785645555254
2018,TX,Edwards,48137,1928,13,67.42738589211619
2018,TX,Ellis,48139,179436,831,46.311776900956325
2018,TX,El Paso,48141,840758,3220,38.29877324985311
2018,TX,Erath,48143,42446,190,44.76275738585497
2018,TX,Falls,48145,17335,109,62.87856936832997
2018,TX,Fannin,48147,35286,277,78.50138865272346
2018,TX,Fayette,48149,25349,210,82.84350467474063
2018,TX,Fisher,48151,3839,22,57.306590257879655
2018,TX,Floyd,48153,5837,48,82.23402432756552
2018,TX,Foard,48155,1200,19,158.33333333333334
2018,TX,Fort Bend,48157,787858,2217,28.139588606068607
2018,TX,Franklin,48159,10766,91,84.52535760728219
2018,TX,Freestone,48161,19808,150,75.7269789983845
2018,TX,Frio,48163,19816,99,49.95962858296326
2018,TX,Gaines,48165,20901,72,34.448112530500936
2018,TX,Galveston,48167,337890,1655,48.98043742046228
2018,TX,Garza,48169,6578,26,39.52569169960474
2018,TX,Gillespie,48171,26804,260,97.00044769437397
2018,TX,Glasscock,48173,1388,1,7.204610951008645
2018,TX,Goliad,48175,7584,44,58.016877637130804
2018,TX,Gonzales,48177,20826,128,61.46163449534236
2018,TX,Gray,48179,21895,181,82.66727563370632
2018,TX,Grayson,48181,133991,973,72.61681754744721
2018,TX,Gregg,48183,123707,863,69.76161413662929
2018,TX,Grimes,48185,28360,156,55.00705218617771
2018,TX,Guadalupe,48187,163694,701,42.82380539298936
2018,TX,Hale,48189,33830,179,52.91161690806976
2018,TX,Hall,48191,3028,23,75.95772787318363
2018,TX,Hamilton,48193,8484,78,91.93776520509194
2018,TX,Hansford,48195,5463,36,65.89785831960461
2018,TX,Hardeman,48197,3922,29,73.94186639469659
2018,TX,Hardin,48199,57207,403,70.44592444980509
2018,TX,Harris,48201,4698619,16882,35.92970615408485
2018,TX,Harrison,48203,66726,409,61.29544705212361
2018,TX,Hartley,48205,5619,37,65.84801566114967
2018,TX,Haskell,48207,5813,52,89.45467056597283
2018,TX,Hays,48209,222631,689,30.948071023352544
2018,TX,Hemphill,48211,3825,19,49.673202614379086
2018,TX,Henderson,48213,82299,685,83.2330891019332
2018,TX,Hidalgo,48215,865939,3074,35.49903630625252
2018,TX,Hill,48217,36354,302,83.07201408373218
2018,TX,Hockley,48219,22980,127,55.26544821583986
2018,TX,Hood,48221,60537,526,86.88901002692569
2018,TX,Hopkins,48223,36810,250,67.91632708503124
2018,TX,Houston,48225,23169,189,81.57451767447883
2018,TX,Howard,48227,36459,245,67.19877122246908
2018,TX,Hudspeth,48229,4795,17,35.45359749739312
2018,TX,Hunt,48231,96493,576,59.69344926574985
2018,TX,Hutchinson,48233,21198,123,58.02434191904897
2018,TX,Irion,48235,1522,1,6.570302233902759
2018,TX,Jack,48237,8843,56,63.32692525161145
2018,TX,Jackson,48239,14874,131,88.0731477746403
2018,TX,Jasper,48241,35872,260,72.47992863514719
2018,TX,Jeff Davis,48243,2252,12,53.285968028419184
2018,TX,Jefferson,48245,255001,1638,64.23504221552072
2018,TX,Jim Hogg,48247,5248,40,76.21951219512195
2018,TX,Jim Wells,48249,40822,286,70.06026162363432
2018,TX,Johnson,48251,171361,939,54.79659899276965
2018,TX,Jones,48253,19817,117,59.04021799465106
2018,TX,Karnes,48255,15650,112,71.56549520766774
2018,TX,Kaufman,48257,128622,637,49.52496462502526
2018,TX,Kendall,48259,45641,221,48.42137551762669
2018,TX,Kenedy,48261,442,1,22.624434389140273
2018,TX,Kent,48263,726,1,13.774104683195592
2018,TX,Kerr,48265,52405,505,96.36485068218681
2018,TX,Kimble,48267,4362,39,89.40852819807428
2018,TX,King,48269,277,1,36.101083032490976
2018,TX,Kinney,48271,3767,24,63.7111760021237
2018,TX,Kleberg,48273,31129,175,56.21767483696874
2018,TX,Knox,48275,3653,39,106.76156583629894
2018,TX,Lamar,48277,49728,375,75.41023166023166
2018,TX,Lamb,48279,13158,111,84.359325125399
2018,TX,Lampasas,48281,21229,143,67.36068585425598
2018,TX,La Salle,48283,7531,42,55.769486124020716
2018,TX,Lavaca,48285,20110,180,89.50770760815514
2018,TX,Lee,48287,17144,116,67.66215585627624
2018,TX,Leon,48289,17270,120,69.48465547191662
2018,TX,Liberty,48291,86323,445,51.550571690047846
2018,TX,Limestone,48293,23519,201,85.46281729665378
2018,TX,Lipscomb,48295,3355,23,68.55439642324889
2018,TX,Live Oak,48297,12166,63,51.783659378596084
2018,TX,Llano,48299,21646,200,92.39582370876836
2018,TX,Loving,48301,152,0,0
2018,TX,Lubbock,48303,307412,1695,55.13773047246041
2018,TX,Lynn,48305,5877,37,62.95729113493279
2018,TX,McCulloch,48307,7987,69,86.39038437460874
2018,TX,McLennan,48309,254607,1516,59.54274627170502
2018,TX,McMullen,48311,749,1,13.35113484646195
2018,TX,Madison,48313,14422,101,70.03189571488005
2018,TX,Marion,48315,9928,89,89.64544721998388
2018,TX,Martin,48317,5753,48,83.43472970624022
2018,TX,Mason,48319,4280,21,49.06542056074766
2018,TX,Matagorda,48321,36552,233,63.74480192602319
2018,TX,Maverick,48323,58485,285,48.73044370351372
2018,TX,Medina,48325,50921,263,51.64863219496867
2018,TX,Menard,48327,2139,26,121.55212716222535
2018,TX,Midland,48329,172578,698,40.445479725109806
2018,TX,Milam,48331,25131,179,71.22677171620707
2018,TX,Mills,48333,4921,59,119.89433042064621
2018,TX,Mitchell,48335,8145,51,62.61510128913444
2018,TX,Montague,48337,19596,172,87.77301490100021
2018,TX,Montgomery,48339,590925,2102,35.57135000211533
2018,TX,Moore,48341,21485,111,51.66395159413545
2018,TX,Morris,48343,12339,121,98.06305211119215
2018,TX,Motley,48345,1234,11,89.14100486223663
2018,TX,Nacogdoches,48347,65711,385,58.589886016039934
2018,TX,Navarro,48349,49565,340,68.5967920911934
2018,TX,Newton,48351,13746,93,67.65604539502401
2018,TX,Nolan,48353,14751,119,80.67249677987934
2018,TX,Nueces,48355,362265,1687,46.56812002263536
2018,TX,Ochiltree,48357,9947,46,46.24509902483161
2018,TX,Oldham,48359,2131,11,51.618958235570155
2018,TX,Orange,48361,83572,565,67.60637534102331
2018,TX,Palo Pinto,48363,28875,206,71.34199134199135
2018,TX,Panola,48365,23148,158,68.25643684119578
2018,TX,Parker,48367,138371,730,52.75671925475714
2018,TX,Parmer,48369,9864,51,51.70316301703163
2018,TX,Pecos,48371,15673,83,52.95731512792701
2018,TX,Polk,48373,50031,404,80.74993504027503
2018,TX,Potter,48375,119648,778,65.0240706071142
2018,TX,Presidio,48377,6948,27,38.860103626943
2018,TX,Rains,48379,12159,90,74.01924500370096
2018,TX,Randall,48381,136271,625,45.86449061062149
2018,TX,Reagan,48383,3741,18,48.115477145148354
2018,TX,Real,48385,3478,34,97.757331799885
2018,TX,Red River,48387,12175,111,91.17043121149898
2018,TX,Reeves,48389,15695,82,52.24593819687799
2018,TX,Refugio,48391,7032,53,75.36973833902161
2018,TX,Roberts,48393,903,1,11.074197120708748
2018,TX,Robertson,48395,17284,114,65.95695440870169
2018,TX,Rockwall,48397,100657,449,44.606932453778676
2018,TX,Runnels,48399,10234,93,90.8735587258159
2018,TX,Rusk,48401,54450,346,63.544536271808994
2018,TX,Sabine,48403,10589,94,88.77136651241855
2018,TX,San Augustine,48405,8232,86,104.4703595724004
2018,TX,San Jacinto,48407,28719,157,54.667641630976014
2018,TX,San Patricio,48409,66893,356,53.219320407217495
2018,TX,San Saba,48411,6054,43,71.02741988767757
2018,TX,Schleicher,48413,2895,22,75.99309153713298
2018,TX,Scurry,48415,16866,125,74.11360132811573
2018,TX,Shackelford,48417,3253,13,39.96311097448509
2018,TX,Shelby,48419,25418,172,67.66858132032418
2018,TX,Sherman,48421,3079,17,55.21273140630075
2018,TX,Smith,48423,230221,1463,63.547634664083645
2018,TX,Somervell,48425,9016,68,75.42147293700089
2018,TX,Starr,48427,64525,281,43.54901201084851
2018,TX,Stephens,48429,9433,61,64.66659599279127
2018,TX,Sterling,48431,1311,10,76.27765064836002
2018,TX,Stonewall,48433,1362,14,102.79001468428781
2018,TX,Sutton,48435,3758,16,42.57583821181479
2018,TX,Swisher,48437,7462,56,75.046904315197
2018,TX,Tarrant,48439,2084931,8745,41.94383411249581
2018,TX,Taylor,48441,137640,1006,73.08921825050857
2018,TX,Terrell,48443,823,1,12.15066828675577
2018,TX,Terry,48445,12287,76,61.8539920240905
2018,TX,Throckmorton,48447,1515,11,72.60726072607261
2018,TX,Titus,48449,33033,183,55.39914630823721
2018,TX,Tom Green,48451,118189,656,55.504319352900865
2018,TX,Travis,48453,1248743,3738,29.934101732702402
2018,TX,Trinity,48455,14740,161,109.22659430122117
2018,TX,Tyler,48457,21696,167,76.97271386430678
2018,TX,Upshur,48459,41260,256,62.04556471158507
2018,TX,Upton,48461,3671,21,57.20512122037592
2018,TX,Uvalde,48463,26846,169,62.95165015272294
2018,TX,Val Verde,48465,49208,255,51.820842139489514
2018,TX,Van Zandt,48467,56019,416,74.2605187525661
2018,TX,Victoria,48469,92035,541,58.78198511435867
2018,TX,Walker,48471,72480,377,52.01434878587197
2018,TX,Waller,48473,53126,194,36.51695968075895
2018,TX,Ward,48475,11720,70,59.72696245733789
2018,TX,Washington,48477,35108,254,72.34818275037028
2018,TX,Webb,48479,275910,852,30.879634663477223
2018,TX,Wharton,48481,41619,297,71.3616377135443
2018,TX,Wheeler,48483,5191,53,102.09978809477943
2018,TX,Wichita,48485,132064,985,74.58504967288587
2018,TX,Wilbarger,48487,12820,123,95.94383775351014
2018,TX,Willacy,48489,21515,109,50.66232860794794
2018,TX,Williamson,48491,566719,1924,33.94980581205147
2018,TX,Wilson,48493,50224,248,49.378783051927364
2018,TX,Winkler,48495,7720,38,49.222797927461144
2018,TX,Wise,48497,68305,396,57.9752580338189
2018,TX,Wood,48499,45129,402,89.07797646745996
2018,TX,Yoakum,48501,8591,39,45.39634501222209
2018,TX,Young,48503,18045,164,90.88390135771682
2018,TX,Zapata,48505,14190,64,45.102184637068355
2018,TX,Zavala,48507,11983,86,71.76833847951265
2019,TX,Anderson,48001,57735,405,70.14809041309431
2019,TX,Andrews,48003,18705,79,42.23469660518578
2019,TX,Angelina,48005,86715,611,70.46070460704607
2019,TX,Aransas,48007,23510,168,71.45895363675032
2019,TX,Archer,48009,8553,66,77.16590669940372
2019,TX,Armstrong,48011,1887,16,84.79067302596715
2019,TX,Atascosa,48013,51153,254,49.654956698531855
2019,TX,Austin,48015,30032,174,57.938199254128925
2019,TX,Bailey,48017,7000,40,57.142857142857146
2019,TX,Bandera,48019,23112,140,60.57459328487366
2019,TX,Bastrop,48021,88723,379,42.71722101371685
2019,TX,Baylor,48023,3509,52,148.1903676261043
2019,TX,Bee,48025,32565,160,49.132504222324584
2019,TX,Bell,48027,362924,1538,42.37801853831656
2019,TX,Bexar,48029,2003554,7473,37.298720174250356
2019,TX,Blanco,48031,11931,51,42.74578828262509
2019,TX,Borden,48033,654,1,15.290519877675841
2019,TX,Bosque,48035,18685,179,95.7987690660958
2019,TX,Bowie,48037,93245,658,70.5667864228645
2019,TX,Brazoria,48039,374264,1425,38.074727999486996
2019,TX,Brazos,48041,229211,690,30.103267295199622
2019,TX,Brewster,48043,9203,56,60.84972291644029
2019,TX,Briscoe,48045,1546,12,77.61966364812419
2019,TX,Brooks,48047,7093,55,77.54123784012407
2019,TX,Brown,48049,37864,378,99.83097401225439
2019,TX,Burleson,48051,18443,138,74.82513690831209
2019,TX,Burnet,48053,48155,309,64.16779150659329
2019,TX,Caldwell,48055,43664,245,56.11029681201906
2019,TX,Calhoun,48057,21290,142,66.69798027242837
2019,TX,Callahan,48059,13943,103,73.87219393243922
2019,TX,Cameron,48061,423163,1693,40.008223781379755
2019,TX,Camp,48063,13094,86,65.67893691767222
2019,TX,Carson,48065,5926,25,42.18697266284171
2019,TX,Cass,48067,30026,242,80.59681609271964
2019,TX,Castro,48069,7530,39,51.79282868525897
2019,TX,Chambers,48071,43837,169,38.55190820539727
2019,TX,Cherokee,48073,52646,333,63.25266876875737
2019,TX,Childress,48075,7306,69,94.44292362441828
2019,TX,Clay,48077,10471,93,88.81673192627255
2019,TX,Cochran,48079,2853,19,66.59656501927795
2019,TX,Coke,48081,3387,30,88.57395925597875
2019,TX,Coleman,48083,8175,108,132.11009174311928
2019,TX,Collin,48085,1034730,3002,29.01239936988393
2019,TX,Collingsworth,48087,2920,27,92.46575342465754
2019,TX,Colorado,48089,21493,191,88.8661424649886
2019,TX,Comal,48091,156209,756,48.39669929389472
2019,TX,Comanche,48093,13635,116,85.07517418408507
2019,TX,Concho,48095,2726,21,77.03595011005136
2019,TX,Cooke,48097,41257,306,74.16923188792205
2019,TX,Coryell,48099,75951,331,43.58072968097853
2019,TX,Cottle,48101,1398,12,85.83690987124463
2019,TX,Crane,48103,4797,33,68.79299562226392
2019,TX,Crockett,48105,3464,32,92.37875288683603
2019,TX,Crosby,48107,5737,46,80.18127941432805
2019,TX,Culberson,48109,2171,19,87.51727314601565
2019,TX,Dallam,48111,7287,26,35.679978043090436
2019,TX,Dallas,48113,2635516,10741,40.7548275176474
2019,TX,Dawson,48115,12728,84,65.99622878692645
2019,TX,Deaf Smith,48117,18546,90,48.52798447104497
2019,TX,Delta,48119,5331,26,48.77133746013882
2019,TX,Denton,48121,887207,2560,28.854596503409013
2019,TX,DeWitt,48123,20160,204,101.19047619047619
2019,TX,Dickens,48125,2211,21,94.9796472184532
2019,TX,Dimmit,48127,10124,66,65.19162386408534
2019,TX,Donley,48129,3278,31,94.56985967053082
2019,TX,Duval,48131,11157,74,66.32607331719997
2019,TX,Eastland,48133,18360,175,95.31590413943354
2019,TX,Ector,48135,166223,789,47.46635543817643
2019,TX,Edwards,48137,1932,13,67.28778467908903
2019,TX,Ellis,48139,184826,788,42.63469425297307
2019,TX,El Paso,48141,839238,3162,37.67703559657689
2019,TX,Erath,48143,42698,191,44.732774368822895
2019,TX,Falls,48145,17297,107,61.860438226282014
2019,TX,Fannin,48147,35514,292,82.22109590583995
2019,TX,Fayette,48149,25346,209,82.45877061469265
2019,TX,Fisher,48151,3830,23,60.052219321148826
2019,TX,Floyd,48153,5712,41,71.77871148459383
2019,TX,Foard,48155,1155,15,129.8701298701299
2019,TX,Fort Bend,48157,811688,2261,27.855530696523786
2019,TX,Franklin,48159,10725,63,58.74125874125874
2019,TX,Freestone,48161,19717,151,76.5836587716184
2019,TX,Frio,48163,20306,95,46.784201713779176
2019,TX,Gaines,48165,21492,83,38.61902103108133
2019,TX,Galveston,48167,342139,1684,49.219761558898576
2019,TX,Garza,48169,6229,30,48.16182372772516
2019,TX,Gillespie,48171,26988,222,82.258781680747
2019,TX,Glasscock,48173,1409,1,7.097232079488999
2019,TX,Goliad,48175,7658,44,57.4562548968399
2019,TX,Gonzales,48177,20837,142,68.14800595095264
2019,TX,Gray,48179,21886,162,74.01992141094765
2019,TX,Grayson,48181,136212,964,70.77203183273133
2019,TX,Gregg,48183,123945,840,67.77199564322885
2019,TX,Grimes,48185,28880,189,65.4432132963989
2019,TX,Guadalupe,48187,166847,665,39.85687486139996
2019,TX,Hale,48189,33406,217,64.958390708256
2019,TX,Hall,48191,2964,31,104.58839406207827
2019,TX,Hamilton,48193,8461,73,86.27821770476304
2019,TX,Hansford,48195,5399,41,75.93998888683089
2019,TX,Hardeman,48197,3933,33,83.90541571319604
2019,TX,Hardin,48199,57602,400,69.44203326273393
2019,TX,Harris,48201,4713325,16039,34.029055921244556
2019,TX,Harrison,48203,66553,360,54.09222724745691
2019,TX,Hartley,48205,5576,28,50.21520803443328
2019,TX,Haskell,48207,5658,55,97.20749381406858
2019,TX,Hays,48209,230191,681,29.58412796330004
2019,TX,Hemphill,48211,3819,26,68.08064938465567
2019,TX,Henderson,48213,82737,679,82.06727340851131
2019,TX,Hidalgo,48215,868707,3165,36.433458001374454
2019,TX,Hill,48217,36649,282,76.94616497039483
2019,TX,Hockley,48219,23021,131,56.904565396811606
2019,TX,Hood,48221,61643,501,81.27443505345295
2019,TX,Hopkins,48223,37084,269,72.53802178837235
2019,TX,Houston,48225,22968,178,77.49912922326715
2019,TX,Howard,48227,36664,207,56.458651538293694
2019,TX,Hudspeth,48229,4886,22,45.02660663119116
2019,TX,Hunt,48231,98594,583,59.13138730551555
2019,TX,Hutchinson,48233,20938,150,71.64008023688987
2019,TX,Irion,48235,1536,1,6.510416666666666
2019,TX,Jack,48237,8935,61,68.27084499160604
2019,TX,Jackson,48239,14760,98,66.39566395663957
2019,TX,Jasper,48241,35529,271,76.27571842720032
2019,TX,Jeff Davis,48243,2274,14,61.56552330694811
2019,TX,Jefferson,48245,251565,1536,61.05777830779322
2019,TX,Jim Hogg,48247,5200,29,55.76923076923077
2019,TX,Jim Wells,48249,40482,258,63.732029049948125
2019,TX,Johnson,48251,175817,956,54.37471916822605
2019,TX,Jones,48253,20083,109,54.27475974704974
2019,TX,Karnes,48255,15601,98,62.816486122684445
2019,TX,Kaufman,48257,136154,686,50.38412385974705
2019,TX,Kendall,48259,47431,244,51.44314899538277
2019,TX,Kenedy,48261,404,1,24.752475247524753
2019,TX,Kent,48263,762,1,13.123359580052494
2019,TX,Kerr,48265,52600,431,81.93916349809886
2019,TX,Kimble,48267,4337,19,43.809084620705555
2019,TX,King,48269,272,1,36.76470588235294
2019,TX,Kinney,48271,3667,25,68.17562039814563
2019,TX,Kleberg,48273,30680,193,62.90743155149935
2019,TX,Knox,48275,3664,36,98.2532751091703
2019,TX,Lamar,48277,49859,398,79.82510680117933
2019,TX,Lamb,48279,12893,108,83.76638486000155
2019,TX,Lampasas,48281,21428,147,68.60182938211686
2019,TX,La Salle,48283,7520,24,31.914893617021274
2019,TX,Lavaca,48285,20154,182,90.30465416294531
2019,TX,Lee,48287,17239,92,53.36736469632809
2019,TX,Leon,48289,17404,126,72.39715008044128
2019,TX,Liberty,48291,88219,433,49.082397216019224
2019,TX,Limestone,48293,23437,210,89.6019115074455
2019,TX,Lipscomb,48295,3233,18,55.67584287039901
2019,TX,Live Oak,48297,12207,62,50.790530023756865
2019,TX,Llano,48299,21795,201,92.22298692360633
2019,TX,Loving,48301,169,1,59.171597633136095
2019,TX,Lubbock,48303,310569,1629,52.45211209103291
2019,TX,Lynn,48305,5951,33,55.45286506469501
2019,TX,McCulloch,48307,7984,82,102.70541082164328
2019,TX,McLennan,48309,256623,1481,57.711117086153614
2019,TX,McMullen,48311,743,1,13.458950201884253
2019,TX,Madison,48313,14284,84,58.80705684682162
2019,TX,Marion,48315,9854,82,83.21493809620459
2019,TX,Martin,48317,5771,33,57.18246404435973
2019,TX,Mason,48319,4274,26,60.83294337856809
2019,TX,Matagorda,48321,36643,258,70.40908222580029
2019,TX,Maverick,48323,58722,290,49.385238922380026
2019,TX,Medina,48325,51584,279,54.08653846153846
2019,TX,Menard,48327,2138,21,98.22263797942001
2019,TX,Midland,48329,176832,728,41.1690191820485
2019,TX,Milam,48331,24823,153,61.63638561011965
2019,TX,Mills,48333,4873,54,110.81469320746973
2019,TX,Mitchell,48335,8545,56,65.5354008191925
2019,TX,Montague,48337,19818,209,105.45968311635886
2019,TX,Montgomery,48339,607391,2094,34.475321498013635
2019,TX,Moore,48341,20940,92,43.935052531041066
2019,TX,Morris,48343,12388,112,90.41007426541815
2019,TX,Motley,48345,1200,20,166.66666666666666
2019,TX,Nacogdoches,48347,65204,375,57.51180909146678
2019,TX,Navarro,48349,50113,349,69.64260770658312
2019,TX,Newton,48351,13595,76,55.90290547995587
2019,TX,Nolan,48353,14714,124,84.27348103846677
2019,TX,Nueces,48355,362294,1666,45.98475271464611
2019,TX,Ochiltree,48357,9836,39,39.650264335095564
2019,TX,Oldham,48359,2112,11,52.08333333333333
2019,TX,Orange,48361,83396,525,62.95265959998081
2019,TX,Palo Pinto,48363,29189,197,67.4911781835623
2019,TX,Panola,48365,23194,166,71.57023368112442
2019,TX,Parker,48367,142878,800,55.99182519352174
2019,TX,Parmer,48369,9605,42,43.72722540343571
2019,TX,Pecos,48371,15823,69,43.60740693926563
2019,TX,Polk,48373,51353,408,79.45008081319494
2019,TX,Potter,48375,117415,851,72.47796278158668
2019,TX,Presidio,48377,6704,29,43.25775656324582
2019,TX,Rains,48379,12514,65,51.94182515582548
2019,TX,Randall,48381,137713,668,48.50667692955639
2019,TX,Reagan,48383,3849,12,31.17692907248636
2019,TX,Real,48385,3452,19,55.040556199304746
2019,TX,Red River,48387,12023,129,107.2943524910588
2019,TX,Reeves,48389,15976,81,50.70105157736605
2019,TX,Refugio,48391,6948,52,74.84168105929764
2019,TX,Roberts,48393,854,1,11.7096018735363
2019,TX,Robertson,48395,17074,106,62.08269884034204
2019,TX,Rockwall,48397,104915,399,38.030786827431726
2019,TX,Runnels,48399,10264,100,97.42790335151987
2019,TX,Rusk,48401,54406,346,63.59592691982502
2019,TX,Sabine,48403,10542,103,97.70442041358376
2019,TX,San Augustine,48405,8237,85,103.19291004006313
2019,TX,San Jacinto,48407,28859,164,56.828025919124016
2019,TX,San Patricio,48409,66730,349,52.30031470103402
2019,TX,San Saba,48411,6055,38,62.75805119735756
2019,TX,Schleicher,48413,2793,16,57.28607232366631
2019,TX,Scurry,48415,16703,101,60.46817936897563
2019,TX,Shackelford,48417,3265,22,67.3813169984686
2019,TX,Shelby,48419,25274,190,75.17607026984253
2019,TX,Sherman,48421,3022,22,72.7994705493051
2019,TX,Smith,48423,232751,1435,61.65387044523976
2019,TX,Somervell,48425,9128,62,67.92287467134094
2019,TX,Starr,48427,64633,297,45.9517583896771
2019,TX,Stephens,48429,9366,70,74.73841554559043
2019,TX,Sterling,48431,1291,10,77.45933384972889
2019,TX,Stonewall,48433,1350,15,111.11111111111111
2019,TX,Sutton,48435,3776,20,52.96610169491525
2019,TX,Swisher,48437,7397,55,74.35446802757875
2019,TX,Tarrant,48439,2102515,8723,41.48840793050228
2019,TX,Taylor,48441,138034,986,71.43167625367663
2019,TX,Terrell,48443,776,1,12.88659793814433
2019,TX,Terry,48445,12337,86,69.70900543081787
2019,TX,Throckmorton,48447,1501,13,86.6089273817455
2019,TX,Titus,48449,32750,176,53.74045801526717
2019,TX,Tom Green,48451,119200,590,49.49664429530202
2019,TX,Travis,48453,1273954,3461,27.167385949571177
2019,TX,Trinity,48455,14651,122,83.27076650058017
2019,TX,Tyler,48457,21672,155,71.52085640457733
2019,TX,Upshur,48459,41753,273,65.38452326778913
2019,TX,Upton,48461,3657,16,43.75170905113481
2019,TX,Uvalde,48463,26741,190,71.05194270969672
2019,TX,Val Verde,48465,49025,268,54.66598674145844
2019,TX,Van Zandt,48467,56590,401,70.86057607351123
2019,TX,Victoria,48469,92084,552,59.94526736458017
2019,TX,Walker,48471,72971,333,45.63456715681572
2019,TX,Waller,48473,55246,211,38.19281033921008
2019,TX,Ward,48475,11998,61,50.84180696782797
2019,TX,Washington,48477,35882,221,61.590769745276184
2019,TX,Webb,48479,276652,929,33.58009340254182
2019,TX,Wharton,48481,41556,289,69.54471075175667
2019,TX,Wheeler,48483,5056,36,71.20253164556962
2019,TX,Wichita,48485,132230,971,73.43265522196174
2019,TX,Wilbarger,48487,12769,110,86.14613517111755
2019,TX,Willacy,48489,21358,103,48.22548927802229
2019,TX,Williamson,48491,590551,1863,31.546809674354968
2019,TX,Wilson,48493,51070,251,49.14822792245938
2019,TX,Winkler,48495,8010,47,58.67665418227216
2019,TX,Wise,48497,69984,413,59.013488797439415
2019,TX,Wood,48499,45539,412,90.47190320384726
2019,TX,Yoakum,48501,8713,43,49.351543670377595
2019,TX,Young,48503,18010,159,88.28428650749584
2019,TX,Zapata,48505,14179,66,46.54771140418929
2019,TX,Zavala,48507,11840,63,53.20945945945946
2020,TX,Anderson,48001,57805,366,63.31632211746389
2020,TX,Andrews,48003,18879,78,41.31574765612585
2020,TX,Angelina,48005,86796,654,75.34909442831467
2020,TX,Aransas,48007,23814,189,79.36507936507937
2020,TX,Archer,48009,8730,49,56.1282932416953
2020,TX,Armstrong,48011,1869,22,117.7100053504548
2020,TX,Atascosa,48013,51724,260,50.26680071146856
2020,TX,Austin,48015,29972,171,57.053249699719736
2020,TX,Bailey,48017,6697,47,70.18067791548455
2020,TX,Bandera,48019,23861,157,65.79774527471606
2020,TX,Bastrop,48021,91601,388,42.357616183229446
2020,TX,Baylor,48023,3518,42,119.38601478112564
2020,TX,Bee,48025,32513,161,49.518654076830806
2020,TX,Bell,48027,369927,1476,39.89976400749337
2020,TX,Bexar,48029,2026823,7081,34.93644980346088
2020,TX,Blanco,48031,12269,57,46.45855407938707
2020,TX,Borden,48033,706,1,14.164305949008499
2020,TX,Bosque,48035,18603,169,90.84556254367574
2020,TX,Bowie,48037,93481,604,64.6120602047475
2020,TX,Brazoria,48039,380518,1453,38.18479020703357
2020,TX,Brazos,48041,232555,687,29.54139880888392
2020,TX,Brewster,48043,9237,51,55.21273140630075
2020,TX,Briscoe,48045,1487,14,94.1492938802959
2020,TX,Brooks,48047,6964,56,80.41355542791499
2020,TX,Brown,48049,37633,411,109.21265910238354
2020,TX,Burleson,48051,18514,121,65.35594685103165
2020,TX,Burnet,48053,49653,285,57.39834451090569
2020,TX,Caldwell,48055,43979,257,58.436981286523114
2020,TX,Calhoun,48057,21001,160,76.18684824532166
2020,TX,Callahan,48059,14110,127,90.00708717221828
2020,TX,Cameron,48061,424180,1781,41.98689235701825
2020,TX,Camp,48063,13060,96,73.50689127105666
2020,TX,Carson,48065,5854,50,85.41168431841476
2020,TX,Cass,48067,29879,300,100.40496669901937
2020,TX,Castro,48069,7396,40,54.08328826392645
2020,TX,Chambers,48071,45590,198,43.43057688089493
2020,TX,Cherokee,48073,52875,360,68.08510638297872
2020,TX,Childress,48075,7143,59,82.59834803303934
2020,TX,Clay,48077,10550,92,87.20379146919431
2020,TX,Cochran,48079,2897,16,55.22954780807732
2020,TX,Coke,48081,3323,37,111.34517002708397
2020,TX,Coleman,48083,8100,86,106.17283950617285
2020,TX,Collin,48085,1072069,3070,28.636216512183452
2020,TX,Collingsworth,48087,2877,32,111.22697254084116
2020,TX,Colorado,48089,21610,196,90.6987505784359
2020,TX,Comal,48091,164812,699,42.41196029415334
2020,TX,Comanche,48093,13750,121,88
2020,TX,Concho,48095,2827,17,60.13441811107181
2020,TX,Cooke,48097,41393,262,63.295726330538976
2020,TX,Coryell,48099,76737,332,43.264657205780786
2020,TX,Cottle,48101,1363,22,161.40865737344092
2020,TX,Crane,48103,4765,24,50.36726128016789
2020,TX,Crockett,48105,3513,31,88.24366638200968
2020,TX,Crosby,48107,5567,51,91.61128076163105
2020,TX,Culberson,48109,2149,19,88.41321544904606
2020,TX,Dallam,48111,7273,38,52.24804069847381
2020,TX,Dallas,48113,2635888,10605,40.23312067887558
2020,TX,Dawson,48115,12974,79,60.89101279482041
2020,TX,Deaf Smith,48117,18277,97,53.07216720468348
2020,TX,Delta,48119,5349,50,93.47541596560104
2020,TX,Denton,48121,919324,2577,28.03146659937084
2020,TX,DeWitt,48123,20174,180,89.22375334589076
2020,TX,Dickens,48125,2140,23,107.4766355140187
2020,TX,Dimmit,48127,9925,66,66.49874055415617
2020,TX,Donley,48129,3308,36,108.82708585247885
2020,TX,Duval,48131,11058,65,58.78097305118467
2020,TX,Eastland,48133,18388,168,91.36393299978246
2020,TX,Ector,48135,167701,776,46.27283081198085
2020,TX,Edwards,48137,1923,14,72.80291211648466
2020,TX,Ellis,48139,191760,830,43.28327075511056
2020,TX,El Paso,48141,841286,3294,39.15434228074638
2020,TX,Erath,48143,43224,200,46.27059041273367
2020,TX,Falls,48145,17275,113,65.4124457308249
2020,TX,Fannin,48147,35913,280,77.96619608498315
2020,TX,Fayette,48149,25547,250,97.85884839707207
2020,TX,Fisher,48151,3784,27,71.35306553911205
2020,TX,Floyd,48153,5672,75,132.22849083215797
2020,TX,Foard,48155,1135,21,185.02202643171807
2020,TX,Fort Bend,48157,839706,2297,27.35481227953593
2020,TX,Franklin,48159,10821,76,70.23380463912763
2020,TX,Freestone,48161,19874,149,74.97232565160512
2020,TX,Frio,48163,20379,99,48.57941999116738
2020,TX,Gaines,48165,21996,84,38.18876159301691
2020,TX,Galveston,48167,345089,1677,48.59615925167131
2020,TX,Garza,48169,6222,35,56.252009000321436
2020,TX,Gillespie,48171,26960,195,72.3293768545994
2020,TX,Glasscock,48173,1439,2,13.89854065323141
2020,TX,Goliad,48175,7626,41,53.763440860215056
2020,TX,Gonzales,48177,20948,154,73.5153713958373
2020,TX,Gray,48179,21658,145,66.94985686582325
2020,TX,Grayson,48181,138318,970,70.12825518009225
2020,TX,Gregg,48183,124229,884,71.15890814544107
2020,TX,Grimes,48185,29614,185,62.47045316404403
2020,TX,Guadalupe,48187,170608,603,35.34418081215418
2020,TX,Hale,48189,32754,186,56.78695731819014
2020,TX,Hall,48191,2939,33,112.28308948621981
2020,TX,Hamilton,48193,8557,72,84.14163842468155
2020,TX,Hansford,48195,5279,47,89.03201363894678
2020,TX,Hardeman,48197,4011,54,134.62976813762154
2020,TX,Hardin,48199,58305,373,63.97393019466598
2020,TX,Harris,48201,4738253,16090,33.95766329911045
2020,TX,Harrison,48203,66386,409,61.609375470731784
2020,TX,Hartley,48205,5443,35,64.30277420540143
2020,TX,Haskell,48207,5754,51,88.63399374348279
2020,TX,Hays,48209,241365,639,26.474426698154247
2020,TX,Hemphill,48211,3777,16,42.36166269526079
2020,TX,Henderson,48213,83792,674,80.43727324804277
2020,TX,Hidalgo,48215,875200,3195,36.50594149908592
2020,TX,Hill,48217,37006,293,79.17634978111657
2020,TX,Hockley,48219,22921,144,62.824484097552464
2020,TX,Hood,48221,63527,504,79.33634517606687
2020,TX,Hopkins,48223,37170,253,68.06564433683077
2020,TX,Houston,48225,22835,186,81.45390847383402
2020,TX,Howard,48227,36540,241,65.95511767925561
2020,TX,Hudspeth,48229,4906,16,32.61312678353037
2020,TX,Hunt,48231,99807,584,58.51292995481279
2020,TX,Hutchinson,48233,20677,146,70.60985636214151
2020,TX,Irion,48235,1564,1,6.3938618925831205
2020,TX,Jack,48237,9056,61,67.35865724381625
2020,TX,Jackson,48239,14854,113,76.07378483910058
2020,TX,Jasper,48241,35375,281,79.43462897526501
2020,TX,Jeff Davis,48243,2220,15,67.56756756756756
2020,TX,Jefferson,48245,250127,1595,63.76760605612349
2020,TX,Jim Hogg,48247,5184,36,69.44444444444444
2020,TX,Jim Wells,48249,40452,270,66.74577276772472
2020,TX,Johnson,48251,179575,945,52.62425170541557
2020,TX,Jones,48253,19875,134,67.42138364779873
2020,TX,Karnes,48255,15562,109,70.04241100115667
2020,TX,Kaufman,48257,143198,652,45.53136216986271
2020,TX,Kendall,48259,48523,227,46.781938462172576
2020,TX,Kenedy,48261,379,2,52.770448548812666
2020,TX,Kent,48263,786,10,127.22646310432569
2020,TX,Kerr,48265,52869,457,86.44006884942027
2020,TX,Kimble,48267,4396,29,65.9690627843494
2020,TX,King,48269,283,1,35.3356890459364
2020,TX,Kinney,48271,3670,22,59.94550408719346
2020,TX,Kleberg,48273,30338,168,55.37609598523304
2020,TX,Knox,48275,3683,45,122.18300298669563
2020,TX,Lamar,48277,49905,406,81.35457369001102
2020,TX,Lamb,48279,12710,114,89.6931549960661
2020,TX,Lampasas,48281,21789,146,67.00628757629997
2020,TX,La Salle,48283,7500,39,52
2020,TX,Lavaca,48285,20216,200,98.93153937475267
2020,TX,Lee,48287,17397,129,74.1507156406277
2020,TX,Leon,48289,17493,123,70.31383982164294
2020,TX,Liberty,48291,91547,369,40.30716462582061
2020,TX,Limestone,48293,23340,210,89.97429305912597
2020,TX,Lipscomb,48295,3111,21,67.50241080038573
2020,TX,Live Oak,48297,12324,75,60.85686465433301
2020,TX,Llano,48299,21958,204,92.90463612350851
2020,TX,Loving,48301,181,0,0
2020,TX,Lubbock,48303,314772,1607,51.05282553721424
2020,TX,Lynn,48305,6025,52,86.30705394190872
2020,TX,McCulloch,48307,7823,69,88.20145724146748
2020,TX,McLennan,48309,259730,1515,58.32980402725908
2020,TX,McMullen,48311,721,7,97.08737864077669
2020,TX,Madison,48313,14427,87,60.30359742150136
2020,TX,Marion,48315,9960,106,106.42570281124497
2020,TX,Martin,48317,5816,41,70.49518569463548
2020,TX,Mason,48319,4344,21,48.34254143646409
2020,TX,Matagorda,48321,36725,247,67.2566371681416
2020,TX,Maverick,48323,58378,270,46.250299770461474
2020,TX,Medina,48325,52358,246,46.98422399633294
2020,TX,Menard,48327,2124,20,94.16195856873823
2020,TX,Midland,48329,177863,639,35.926527720773855
2020,TX,Milam,48331,24708,166,67.18471750040473
2020,TX,Mills,48333,4840,49,101.2396694214876
2020,TX,Mitchell,48335,8202,55,67.0568154108754
2020,TX,Montague,48337,19962,214,107.20368700531009
2020,TX,Montgomery,48339,626351,2004,31.994839953955527
2020,TX,Moore,48341,20654,89,43.09092669700784
2020,TX,Morris,48343,12393,108,87.14596949891069
2020,TX,Motley,48345,1185,16,135.0210970464135
2020,TX,Nacogdoches,48347,64753,383,59.14783871017559
2020,TX,Navarro,48349,50694,361,71.21158322483923
2020,TX,Newton,48351,13414,110,82.0038765468913
2020,TX,Nolan,48353,14835,113,76.17121671722279
2020,TX,Nueces,48355,363148,1657,45.62877945080243
2020,TX,Ochiltree,48357,9598,56,58.34548864346739
2020,TX,Oldham,48359,2135,10,46.8384074941452
2020,TX,Orange,48361,82878,538,64.91469388740076
2020,TX,Palo Pinto,48363,29320,247,84.24283765347886
2020,TX,Panola,48365,23187,198,85.39267693103895
2020,TX,Parker,48367,148198,732,49.39337912792345
2020,TX,Parmer,48369,9522,82,86.11636210880067
2020,TX,Pecos,48371,15718,124,78.89044407685456
2020,TX,Polk,48373,52995,417,78.68666855363713
2020,TX,Potter,48375,116004,764,65.85979793800213
2020,TX,Presidio,48377,6508,39,59.926244622003686
2020,TX,Rains,48379,12552,112,89.22880815806246
2020,TX,Randall,48381,139899,591,42.24476229279695
2020,TX,Reagan,48383,3833,19,49.56952778502478
2020,TX,Real,48385,3411,30,87.95074758135445
2020,TX,Red River,48387,11995,131,109.21217173822426
2020,TX,Reeves,48389,15949,85,53.294877421781926
2020,TX,Refugio,48391,6877,66,95.9720808492075
2020,TX,Roberts,48393,813,0,0
2020,TX,Robertson,48395,17155,109,63.538327018362
2020,TX,Rockwall,48397,109888,411,37.401718112987766
2020,TX,Runnels,48399,10401,95,91.33737140659551
2020,TX,Rusk,48401,54324,344,63.32376113688241
2020,TX,Sabine,48403,10507,103,98.02988483867898
2020,TX,San Augustine,48405,8248,108,130.94083414161008
2020,TX,San Jacinto,48407,29301,173,59.0423535032934
2020,TX,San Patricio,48409,67069,341,50.84316152022544
2020,TX,San Saba,48411,6039,43,71.20384169564497
2020,TX,Schleicher,48413,2761,10,36.21876131836291
2020,TX,Scurry,48415,16662,131,78.62201416396591
2020,TX,Shackelford,48417,3300,25,75.75757575757576
2020,TX,Shelby,48419,24915,185,74.25245835841862
2020,TX,Sherman,48421,3027,19,62.76841757515692
2020,TX,Smith,48423,235806,1552,65.81681551784094
2020,TX,Somervell,48425,9139,71,77.68902505744612
2020,TX,Starr,48427,64266,330,51.349080384651295
2020,TX,Stephens,48429,9334,73,78.20869937861582
2020,TX,Sterling,48431,1315,10,76.04562737642586
2020,TX,Stonewall,48433,1348,19,140.94955489614242
2020,TX,Sutton,48435,3738,29,77.58159443552702
2020,TX,Swisher,48437,7340,63,85.83106267029973
2020,TX,Tarrant,48439,2123347,8750,41.20852597338071
2020,TX,Taylor,48441,139200,892,64.08045977011494
2020,TX,Terrell,48443,702,1,14.245014245014247
2020,TX,Terry,48445,12183,80,65.66527127965198
2020,TX,Throckmorton,48447,1487,1,6.724949562878279
2020,TX,Titus,48449,32926,149,45.25299155682439
2020,TX,Tom Green,48451,120010,606,50.49579201733189
2020,TX,Travis,48453,1300503,3282,25.23638930475362
2020,TX,Trinity,48455,14883,152,102.1299469193039
2020,TX,Tyler,48457,21591,186,86.14700569681811
2020,TX,Upshur,48459,42166,290,68.7757909215956
2020,TX,Upton,48461,3623,23,63.48330113165885
2020,TX,Uvalde,48463,26742,182,68.05773689327648
2020,TX,Val Verde,48465,49028,238,48.543689320388346
2020,TX,Van Zandt,48467,57533,430,74.7397145985782
2020,TX,Victoria,48469,91936,568,61.782109293421506
2020,TX,Walker,48471,72164,351,48.639210686769026
2020,TX,Waller,48473,57452,234,40.72965257954466
2020,TX,Ward,48475,12097,80,66.1320988674878
2020,TX,Washington,48477,35771,259,72.40502082692683
2020,TX,Webb,48479,277681,968,34.86014527461367
2020,TX,Wharton,48481,41685,303,72.68801727240015
2020,TX,Wheeler,48483,4946,46,93.00444803881925
2020,TX,Wichita,48485,133205,950,71.31864419503773
2020,TX,Wilbarger,48487,12552,129,102.77246653919694
2020,TX,Willacy,48489,21161,138,65.21430934265867
2020,TX,Williamson,48491,617855,1811,29.31108431589936
2020,TX,Wilson,48493,52023,241,46.325663648770735
2020,TX,Winkler,48495,7887,53,67.19918853810067
2020,TX,Wise,48497,71084,422,59.36638343368409
2020,TX,Wood,48499,46291,408,88.13808299669483
2020,TX,Yoakum,48501,8702,55,63.20386118133762
2020,TX,Young,48503,17904,192,107.23860589812332
2020,TX,Zapata,48505,14172,75,52.92125317527519
2020,TX,Zavala,48507,11840,99,83.61486486486486
2021,TX,Anderson,48001,58402,449,76.88092873531728
2021,TX,Andrews,48003,18440,85,46.095444685466376
2021,TX,Angelina,48005,86506,658,76.06408804013594
2021,TX,Aransas,48007,24510,200,81.59934720522236
2021,TX,Archer,48009,8681,65,74.87616634028338
2021,TX,Armstrong,48011,1839,12,65.25285481239804
2021,TX,Atascosa,48013,49939,247,49.46034161677247
2021,TX,Austin,48015,30380,186,61.224489795918366
2021,TX,Bailey,48017,6835,50,73.1528895391368
2021,TX,Bandera,48019,21565,159,73.7305819615117
2021,TX,Bastrop,48021,102058,423,41.44702032177781
2021,TX,Baylor,48023,3477,56,161.0583836640782
2021,TX,Bee,48025,30924,191,61.764325443021605
2021,TX,Bell,48027,379617,1543,40.64623027946588
2021,TX,Bexar,48029,2028236,7465,36.805381622256974
2021,TX,Blanco,48031,11886,74,62.258118795221264
2021,TX,Borden,48033,617,2,32.414910858995135
2021,TX,Bosque,48035,18503,174,94.03880451818624
2021,TX,Bowie,48037,92581,662,71.504952420043
2021,TX,Brazoria,48039,379689,1499,39.47967942184261
2021,TX,Brazos,48041,237032,658,27.759964899254108
2021,TX,Brewster,48043,9450,62,65.60846560846561
2021,TX,Briscoe,48045,1403,2,14.255167498218105
2021,TX,Brooks,48047,6994,52,74.34944237918215
2021,TX,Brown,48049,38192,342,89.54754922496858
2021,TX,Burleson,48051,18051,148,81.98991745609662
2021,TX,Burnet,48053,50954,316,62.01672096400675
2021,TX,Caldwell,48055,46791,226,48.299886730354125
2021,TX,Calhoun,48057,19727,160,81.10711207989051
2021,TX,Callahan,48059,14115,124,87.84980517180306
2021,TX,Cameron,48061,423029,1701,40.21000924286515
2021,TX,Camp,48063,12616,142,112.55548509828789
2021,TX,Carson,48065,5746,33,57.43125652627915
2021,TX,Cass,48067,28560,249,87.18487394957984
2021,TX,Castro,48069,7374,52,70.51803634391104
2021,TX,Chambers,48071,48865,209,42.770899416760464
2021,TX,Cherokee,48073,51097,396,77.49965751413977
2021,TX,Childress,48075,6736,55,81.65083135391923
2021,TX,Clay,48077,10263,102,99.38614440222157
2021,TX,Cochran,48079,2516,25,99.36406995230524
2021,TX,Coke,48081,3321,41,123.45679012345678
2021,TX,Coleman,48083,7735,143,184.87394957983193
2021,TX,Collin,48085,1109462,3150,28.39213961361453
2021,TX,Collingsworth,48087,2615,25,95.60229445506693
2021,TX,Colorado,48089,20630,211,102.27823557925352
2021,TX,Comal,48091,174986,734,41.94621283988433
2021,TX,Comanche,48093,13775,115,83.48457350272231
2021,TX,Concho,48095,3341,17,50.88296917090692
2021,TX,Cooke,48097,42244,279,66.04488211343623
2021,TX,Coryell,48099,84232,326,38.70263082913857
2021,TX,Cottle,48101,1381,15,108.61694424330196
2021,TX,Crane,48103,4680,31,66.23931623931624
2021,TX,Crockett,48105,3068,36,117.34028683181225
2021,TX,Crosby,48107,5106,58,113.59185272228751
2021,TX,Culberson,48109,2193,20,91.19927040583676
2021,TX,Dallam,48111,7172,43,59.95538204127161
2021,TX,Dallas,48113,2586050,10232,39.56613367877652
2021,TX,Dawson,48115,12413,84,67.67099009103359
2021,TX,Deaf Smith,48117,18329,106,57.83185116482077
2021,TX,Delta,48119,5392,54,100.14836795252226
2021,TX,Denton,48121,941647,2659,28.237757885916906
2021,TX,DeWitt,48123,19918,163,81.83552565518627
2021,TX,Dickens,48125,1740,12,68.9655172413793
2021,TX,Dimmit,48127,8473,84,99.13843974979346
2021,TX,Donley,48129,3268,31,94.85924112607098
2021,TX,Duval,48131,9756,99,101.47601476014759
2021,TX,Eastland,48133,17864,207,115.87550380653828
2021,TX,Ector,48135,161091,707,43.88823708338765
2021,TX,Edwards,48137,1438,12,83.44923504867872
2021,TX,Ellis,48139,202678,867,42.777213116371776
2021,TX,El Paso,48141,867947,3223,37.133603779954306
2021,TX,Erath,48143,43378,229,52.79173774724514
2021,TX,Falls,48145,17313,140,80.86409056778145
2021,TX,Fannin,48147,36569,286,78.2083185211518
2021,TX,Fayette,48149,24687,233,94.38165836270102
2021,TX,Fisher,48151,3706,35,94.44144630329197
2021,TX,Floyd,48153,5350,52,97.19626168224299
2021,TX,Foard,48155,1080,19,175.92592592592592
2021,TX,Fort Bend,48157,858527,2275,26.49887539937591
2021,TX,Franklin,48159,10464,67,64.02905198776759
2021,TX,Freestone,48161,19774,145,73.32861333063619
2021,TX,Frio,48163,18436,118,64.0052072032979
2021,TX,Gaines,48165,21895,96,43.845626855446454
2021,TX,Galveston,48167,355062,1674,47.14669550670024
2021,TX,Garza,48169,5863,32,54.57956677468873
2021,TX,Gillespie,48171,27297,243,89.02077151335313
2021,TX,Glasscock,48173,1149,2,17.40644038294169
2021,TX,Goliad,48175,7163,47,65.614965796454
2021,TX,Gonzales,48177,19641,122,62.11496359655822
2021,TX,Gray,48179,21030,200,95.10223490252021
2021,TX,Grayson,48181,139336,945,67.82166848481369
2021,TX,Gregg,48183,124201,913,73.5098751217784
2021,TX,Grimes,48185,30287,186,61.41248720573183
2021,TX,Guadalupe,48187,177036,684,38.63620958449129
2021,TX,Hale,48189,32220,197,61.1421477343265
2021,TX,Hall,48191,2845,34,119.50790861159929
2021,TX,Hamilton,48193,8229,103,125.16709199173654
2021,TX,Hansford,48195,5159,39,75.59604574529948
2021,TX,Hardeman,48197,3552,28,78.82882882882882
2021,TX,Hardin,48199,56973,393,68.98004317834764
2021,TX,Harris,48201,4728030,16452,34.79673352326444
2021,TX,Harrison,48203,69150,450,65.0759219088937
2021,TX,Hartley,48205,5397,29,53.73355567908097
2021,TX,Haskell,48207,5411,71,131.21419330992424
2021,TX,Hays,48209,255397,734,28.739570159398895
2021,TX,Hemphill,48211,3271,16,48.914704983185565
2021,TX,Henderson,48213,83667,706,84.38213393572137
2021,TX,Hidalgo,48215,880356,3193,36.26941828078641
2021,TX,Hill,48217,36471,311,85.27323078610402
2021,TX,Hockley,48219,21363,144,67.40626316528578
2021,TX,Hood,48221,64222,547,85.17330509794151
2021,TX,Hopkins,48223,37211,274,73.63414044234233
2021,TX,Houston,48225,22241,206,92.62173463423407
2021,TX,Howard,48227,34128,267,78.23488045007032
2021,TX,Hudspeth,48229,3287,24,73.01490721022209
2021,TX,Hunt,48231,103394,594,57.45014217459427
2021,TX,Hutchinson,48233,20495,163,79.53159307148084
2021,TX,Irion,48235,1552,17,109.5360824742268
2021,TX,Jack,48237,8712,62,71.16620752984389
2021,TX,Jackson,48239,15121,104,68.77851993915746
2021,TX,Jasper,48241,32975,270,81.88021228203183
2021,TX,Jeff Davis,48243,1949,18,92.35505387378143
2021,TX,Jefferson,48245,253704,1547,60.9765711222527
2021,TX,Jim Hogg,48247,4801,44,91.6475734222037
2021,TX,Jim Wells,48249,38847,280,72.07763791283755
2021,TX,Johnson,48251,187280,973,51.95429303716361
2021,TX,Jones,48253,19873,146,73.46651235344437
2021,TX,Karnes,48255,14754,96,65.06710044733632
2021,TX,Kaufman,48257,157768,691,43.798488920440136
2021,TX,Kendall,48259,46788,239,51.081473882192014
2021,TX,Kenedy,48261,340,1,29.41176470588235
2021,TX,Kent,48263,749,14,186.91588785046727
2021,TX,Kerr,48265,53161,446,83.89608923835142
2021,TX,Kimble,48267,4365,31,71.01947308132875
2021,TX,King,48269,258,0,0
2021,TX,Kinney,48271,3130,22,70.28753993610223
2021,TX,Kleberg,48273,30635,177,57.77705239105598
2021,TX,Knox,48275,3351,51,152.1933751119069
2021,TX,Lamar,48277,50098,422,84.2348995967903
2021,TX,Lamb,48279,12898,106,82.18328423011319
2021,TX,Lampasas,48281,22252,145,65.16268200611181
2021,TX,La Salle,48283,6670,57,85.45727136431783
2021,TX,Lavaca,48285,20544,191,92.97118380062305
2021,TX,Lee,48287,17706,110,62.125833050943186
2021,TX,Leon,48289,15959,134,83.96516072435617
2021,TX,Liberty,48291,97621,476,48.7600004097479
2021,TX,Limestone,48293,22119,213,96.29730096297301
2021,TX,Lipscomb,48295,2931,23,78.47151142954623
2021,TX,Live Oak,48297,11377,83,72.9542058539158
2021,TX,Llano,48299,21978,206,93.73009373009373
2021,TX,Loving,48301,57,1,175.43859649122805
2021,TX,Lubbock,48303,314451,1584,50.37350811414179
2021,TX,Lynn,48305,5688,48,84.38818565400844
2021,TX,McCulloch,48307,7533,84,111.50935882118678
2021,TX,McLennan,48309,263115,1489,56.59122436957224
2021,TX,McMullen,48311,608,7,115.13157894736841
2021,TX,Madison,48313,13718,98,71.4389852748214
2021,TX,Marion,48315,9645,121,125.45360290305858
2021,TX,Martin,48317,5211,24,46.05641911341394
2021,TX,Mason,48319,3943,28,71.01191985797617
2021,TX,Matagorda,48321,36344,227,62.458727712965
2021,TX,Maverick,48323,58056,265,45.645583574479815
2021,TX,Medina,48325,51981,260,50.01827590850503
2021,TX,Menard,48327,1982,16,80.72653884964683
2021,TX,Midland,48329,167969,633,37.68552530526466
2021,TX,Milam,48331,25106,190,75.67912052895723
2021,TX,Mills,48333,4480,52,116.07142857142857
2021,TX,Mitchell,48335,9070,51,56.229327453142226
2021,TX,Montague,48337,20409,242,118.5751384193248
2021,TX,Montgomery,48339,648886,2105,32.440212918756146
2021,TX,Moore,48341,21118,116,54.929444076143575
2021,TX,Morris,48343,12030,120,99.75062344139651
2021,TX,Motley,48345,1067,24,224.92970946579194
2021,TX,Nacogdoches,48347,64668,369,57.060679161254406
2021,TX,Navarro,48349,53591,330,61.577503685320295
2021,TX,Newton,48351,12241,116,94.76349971407564
2021,TX,Nolan,48353,14597,103,70.56244433787765
2021,TX,Nueces,48355,353079,1787,50.61190271865503
2021,TX,Ochiltree,48357,9782,52,53.1588632181558
2021,TX,Oldham,48359,1717,8,46.592894583576005
2021,TX,Orange,48361,84742,543,64.07684501191854
2021,TX,Palo Pinto,48363,28686,244,85.05891375583909
2021,TX,Panola,48365,22675,161,71.00330760749725
2021,TX,Parker,48367,156764,764,48.73567910999975
2021,TX,Parmer,48369,9813,61,62.162437582798326
2021,TX,Pecos,48371,15118,100,66.14631565021828
2021,TX,Polk,48373,51899,467,89.98246594346712
2021,TX,Potter,48375,116547,767,65.81035976902022
2021,TX,Presidio,48377,6140,41,66.77524429967427
2021,TX,Rains,48379,12509,99,79.14301702774003
2021,TX,Randall,48381,143854,665,46.22742502815355
2021,TX,Reagan,48383,3253,13,39.96311097448509
2021,TX,Real,48385,2826,31,109.69568294409059
2021,TX,Red River,48387,11555,110,95.19688446559931
2021,TX,Reeves,48389,14487,87,60.05384137502588
2021,TX,Refugio,48391,6756,66,97.69094138543518
2021,TX,Roberts,48393,797,0,0
2021,TX,Robertson,48395,16958,140,82.55690529543578
2021,TX,Rockwall,48397,116381,447,38.40833125682027
2021,TX,Runnels,48399,9943,90,90.51594086291864
2021,TX,Rusk,48401,52743,370,70.15148929715792
2021,TX,Sabine,48403,10039,123,122.52216356210778
2021,TX,San Augustine,48405,7922,112,141.37843978793234
2021,TX,San Jacinto,48407,27878,209,74.96951000789153
2021,TX,San Patricio,48409,69699,345,49.498558085481854
2021,TX,San Saba,48411,5827,41,70.36210743092501
2021,TX,Schleicher,48413,2429,19,78.22149032523672
2021,TX,Scurry,48415,16824,129,76.67617689015691
2021,TX,Shackelford,48417,3212,19,59.153175591531756
2021,TX,Shelby,48419,23939,185,77.27975270479135
2021,TX,Sherman,48421,2798,14,50.03573981415297
2021,TX,Smith,48423,237186,1472,62.060998541229246
2021,TX,Somervell,48425,9469,82,86.59837364029993
2021,TX,Starr,48427,66049,330,49.96290632712078
2021,TX,Stephens,48429,9173,93,101.3844979832116
2021,TX,Sterling,48431,1381,12,86.89355539464157
2021,TX,Stonewall,48433,1217,16,131.4708299096138
2021,TX,Sutton,48435,3319,29,87.37571557698102
2021,TX,Swisher,48437,7008,49,69.92009132420091
2021,TX,Tarrant,48439,2126477,8651,40.6823116356302
2021,TX,Taylor,48441,143326,875,61.04963509760965
2021,TX,Terrell,48443,724,0,0
2021,TX,Terry,48445,11754,85,72.3158073847201
2021,TX,Throckmorton,48447,1495,12,80.26755852842808
2021,TX,Titus,48449,31183,175,56.12032197030433
2021,TX,Tom Green,48451,119411,675,56.52745559454321
2021,TX,Travis,48453,1305154,3373,25.84369354114534
2021,TX,Trinity,48455,13827,163,117.88529688291025
2021,TX,Tyler,48457,20077,204,101.60880609652835
2021,TX,Upshur,48459,41774,290,69.42117106334084
2021,TX,Upton,48461,3265,15,45.94180704441042
2021,TX,Uvalde,48463,24729,168,67.93643091107606
2021,TX,Val Verde,48465,47564,255,53.61197544361281
2021,TX,Van Zandt,48467,61275,470,76.70338637290902
2021,TX,Victoria,48469,90964,547,60.13367925772833
2021,TX,Walker,48471,77977,359,46.03921669210152
2021,TX,Waller,48473,59781,235,39.31014870945618
2021,TX,Ward,48475,11194,64,57.173485795962115
2021,TX,Washington,48477,35891,291,81.07882198879942
2021,TX,Webb,48479,267945,919,34.29808356192502
2021,TX,Wharton,48481,41721,274,65.67436063373361
2021,TX,Wheeler,48483,4927,46,93.36310127866857
2021,TX,Wichita,48485,130069,958,73.65321483212756
2021,TX,Wilbarger,48487,12731,123,96.6145628780143
2021,TX,Willacy,48489,20316,133,65.46564284307934
2021,TX,Williamson,48491,643026,1831,28.47474285643193
2021,TX,Wilson,48493,51257,273,53.26101800729657
2021,TX,Winkler,48495,7415,38,51.24747134187458
2021,TX,Wise,48497,71714,385,53.68547285048944
2021,TX,Wood,48499,45875,433,94.38692098092643
2021,TX,Yoakum,48501,7607,44,57.84146181148942
2021,TX,Young,48503,17977,187,104.02180564054069
2021,TX,Zapata,48505,13908,81,58.23986194995686
2021,TX,Zavala,48507,9534,91,95.44787077826724
